step,metric,value
7,latent/posterior_entropy,2.6125285625457764
7,latent/prior_entropy,2.61141300201416
7,loss/barlow,1023.6472778320312
7,loss/con,0.8153635263442993
7,loss/dyn,9.734149932861328
7,loss/policy,-0.008049919269979
7,loss/rep,9.734149932861328
7,loss/repval,11.06053638458252
7,loss/rew,5.541263580322266
7,loss/value,0.6435443162918091
7,nan_skipped,0.0
7,opt_loss,72.2002182006836
7,params/encoder_l2,55.41512680053711
7,total_loss,72.2002182006836
7,perf/fps_cumulative,0.061608817183812725
7,perf/fps_interval,0.061608817183812725
7,perf/ms_per_step_interval,16231.442928314209
255,latent/posterior_entropy,2.6254985332489014
255,latent/prior_entropy,2.7068605422973633
255,loss/barlow,1020.012451171875
255,loss/con,0.7732799053192139
255,loss/dyn,5.042470932006836
255,loss/policy,-0.008448508568108082
255,loss/rep,5.042470932006836
255,loss/repval,11.052936553955078
255,loss/rew,5.537909507751465
255,loss/value,0.6749643683433533
255,nan_skipped,0.0
255,opt_loss,66.84092712402344
255,params/encoder_l2,55.41511535644531
255,total_loss,66.84092712402344
255,perf/fps_cumulative,1.748507420362115
255,perf/fps_interval,14.976709250258748
255,perf/ms_per_step_interval,66.77034208851475
499,episode/count,1
499,episode/goal,chair
499,episode/scene,u5atqC7vRCY
499,episode/reward,-5.035098552703794
499,episode/success,0.0
499,episode/spl,0.0
499,episode/softspl,0.0
499,episode/dtg,3.7053520679473877
499,metrics/sr_last,0.0
499,metrics/reward,-5.035098552703794
499,metrics/reward_mean,-5.035098552703794
499,metrics/sr,0.0
499,metrics/sr_mean,0.0
499,metrics/spl,0.0
499,metrics/spl_mean,0.0
499,metrics/softspl,0.0
499,metrics/softspl_mean,0.0
499,metrics/dtg,3.7053520679473877
499,metrics/dtg_mean,3.7053520679473877
499,goal/chair/sr,0.0
499,goal/chair/spl,0.0
499,goal/chair/reward,-5.035098552703794
499,episode/steps,500
499,episode/path_length,0.14565367996692657
499,episode/shortest_path,3.6702535152435303
499,episode/path_ratio,0.039684909873933354
499,episode_reset,1
499,action/stop_pct,0.246
499,action/forward_pct,0.228
499,action/left_pct,0.236
499,action/right_pct,0.29
503,latent/posterior_entropy,2.6532058715820312
503,latent/prior_entropy,2.7367324829101562
503,loss/barlow,1007.0389404296875
503,loss/con,0.55766761302948
503,loss/dyn,3.132965326309204
503,loss/policy,-0.01287841983139515
503,loss/rep,3.132965326309204
503,loss/repval,11.02448844909668
503,loss/rew,5.519898414611816
503,loss/value,1.025267481803894
503,nan_skipped,0.0
503,opt_loss,64.19551086425781
503,params/encoder_l2,55.41524124145508
503,total_loss,64.19551086425781
503,perf/fps_cumulative,3.092354155938912
503,perf/fps_interval,14.96496738088158
503,perf/ms_per_step_interval,66.82273168717661
751,latent/posterior_entropy,2.6257548332214355
751,latent/prior_entropy,2.7392215728759766
751,loss/barlow,979.5866088867188
751,loss/con,0.2829567790031433
751,loss/dyn,3.692312240600586
751,loss/policy,-0.028304869309067726
751,loss/rep,3.692312240600586
751,loss/repval,10.93178939819336
751,loss/rew,5.4809675216674805
751,loss/value,2.2360332012176514
751,nan_skipped,0.0
751,opt_loss,64.29206848144531
751,params/encoder_l2,55.41586685180664
751,total_loss,64.29206848144531
751,perf/fps_cumulative,4.190380026726861
751,perf/fps_interval,15.052162438214769
751,perf/ms_per_step_interval,66.43563701260474
999,episode/count,2
999,episode/goal,chair
999,episode/scene,u5atqC7vRCY
999,episode/reward,-3.8665578365325555
999,episode/success,0.0
999,episode/spl,0.0
999,episode/softspl,0.24693248522378963
999,episode/dtg,3.4566471576690674
999,metrics/sr_last,0.0
999,metrics/reward,-4.450828194618175
999,metrics/reward_mean,-4.450828194618175
999,metrics/sr,0.0
999,metrics/sr_mean,0.0
999,metrics/spl,0.0
999,metrics/spl_mean,0.0
999,metrics/softspl,0.12346624261189482
999,metrics/softspl_mean,0.12346624261189482
999,metrics/dtg,3.5809996128082275
999,metrics/dtg_mean,3.5809996128082275
999,goal/chair/sr,0.0
999,goal/chair/spl,0.0
999,goal/chair/reward,-4.450828194618175
999,episode/steps,500
999,episode/path_length,1.8710896112024784
999,episode/shortest_path,4.590089321136475
999,episode/path_ratio,0.4076368628790015
999,episode_reset,1
999,action/stop_pct,0.294
999,action/forward_pct,0.222
999,action/left_pct,0.258
999,action/right_pct,0.226
1007,latent/posterior_entropy,2.5117340087890625
1007,latent/prior_entropy,2.729012966156006
1007,loss/barlow,915.8294677734375
1007,loss/con,0.15565964579582214
1007,loss/dyn,6.898345947265625
1007,loss/policy,-0.05198635533452034
1007,loss/rep,6.898345947265625
1007,loss/repval,10.794273376464844
1007,loss/rew,5.404355049133301
1007,loss/value,4.043420314788818
1007,nan_skipped,0.0
1007,opt_loss,66.16938018798828
1007,params/encoder_l2,55.41709899902344
1007,total_loss,66.16938018798828
1007,perf/fps_cumulative,5.137217876005494
1007,perf/fps_interval,15.277661703026261
1007,perf/ms_per_step_interval,65.4550427570939
1255,latent/posterior_entropy,2.4370064735412598
1255,latent/prior_entropy,2.710846424102783
1255,loss/barlow,815.8554077148438
1255,loss/con,0.1398524045944214
1255,loss/dyn,8.312788009643555
1255,loss/policy,-0.0567801371216774
1255,loss/rep,8.312788009643555
1255,loss/repval,10.575295448303223
1255,loss/rew,5.294665336608887
1255,loss/value,4.315192222595215
1255,nan_skipped,0.0
1255,opt_loss,62.80235290527344
1255,params/encoder_l2,55.41829299926758
1255,total_loss,62.80235290527344
1255,perf/fps_cumulative,5.906225767713709
1255,perf/fps_interval,15.083504377009932
1255,perf/ms_per_step_interval,66.29759073257446
1499,episode/count,3
1499,episode/goal,chair
1499,episode/scene,u5atqC7vRCY
1499,episode/reward,-5.161313772201472
1499,episode/success,0.0
1499,episode/spl,0.0
1499,episode/softspl,0.0
1499,episode/dtg,3.7435455322265625
1499,metrics/sr_last,0.0
1499,metrics/reward,-4.687656720479274
1499,metrics/reward_mean,-4.687656720479274
1499,metrics/sr,0.0
1499,metrics/sr_mean,0.0
1499,metrics/spl,0.0
1499,metrics/spl_mean,0.0
1499,metrics/softspl,0.08231082840792987
1499,metrics/softspl_mean,0.08231082840792987
1499,metrics/dtg,3.6351815859476724
1499,metrics/dtg_mean,3.6351815859476724
1499,goal/chair/sr,0.0
1499,goal/chair/spl,0.0
1499,goal/chair/reward,-4.687656720479274
1499,episode/steps,500
1499,episode/path_length,0.20125915901735425
1499,episode/shortest_path,3.5822317600250244
1499,episode/path_ratio,0.05618261812740678
1499,episode_reset,1
1499,action/stop_pct,0.228
1499,action/forward_pct,0.254
1499,action/left_pct,0.276
1499,action/right_pct,0.242
1503,latent/posterior_entropy,2.3942456245422363
1503,latent/prior_entropy,2.6921112537384033
1503,loss/barlow,609.7938842773438
1503,loss/con,0.13537481427192688
1503,loss/dyn,8.824419021606445
1503,loss/policy,-0.06198548898100853
1503,loss/rep,8.824419021606445
1503,loss/repval,10.264389038085938
1503,loss/rew,5.15252685546875
1503,loss/value,4.548718452453613
1503,nan_skipped,0.0
1503,opt_loss,53.050506591796875
1503,params/encoder_l2,55.419166564941406
1503,total_loss,53.050506591796875
1503,perf/fps_cumulative,6.567487490492018
1503,perf/fps_interval,15.168241813811235
1503,perf/ms_per_step_interval,65.92721900632304
1751,latent/posterior_entropy,2.367957353591919
1751,latent/prior_entropy,2.678210735321045
1751,loss/barlow,540.68994140625
1751,loss/con,0.08730483800172806
1751,loss/dyn,8.818134307861328
1751,loss/policy,-0.07681067287921906
1751,loss/rep,8.818134307861328
1751,loss/repval,9.910614013671875
1751,loss/rew,4.95516300201416
1751,loss/value,5.370553016662598
1751,nan_skipped,0.0
1751,opt_loss,50.0438346862793
1751,params/encoder_l2,55.41996765136719
1751,total_loss,50.0438346862793
1751,perf/fps_cumulative,7.1357199663439355
1751,perf/fps_interval,15.01354009104014
1751,perf/ms_per_step_interval,66.60654275648055
1999,episode/count,4
1999,episode/goal,chair
1999,episode/scene,u5atqC7vRCY
1999,episode/reward,-2.7816705703735116
1999,episode/success,0.0
1999,episode/spl,0.0
1999,episode/softspl,0.4169019643126626
1999,episode/dtg,3.102656364440918
1999,metrics/sr_last,0.0
1999,metrics/reward,-4.211160182952834
1999,metrics/reward_mean,-4.211160182952834
1999,metrics/sr,0.0
1999,metrics/sr_mean,0.0
1999,metrics/spl,0.0
1999,metrics/spl_mean,0.0
1999,metrics/softspl,0.16595861238411305
1999,metrics/softspl_mean,0.16595861238411305
1999,metrics/dtg,3.502050280570984
1999,metrics/dtg_mean,3.502050280570984
1999,goal/chair/sr,0.0
1999,goal/chair/spl,0.0
1999,goal/chair/reward,-4.211160182952834
1999,episode/steps,500
1999,episode/path_length,4.9385059755295515
1999,episode/shortest_path,5.320985794067383
1999,episode/path_ratio,0.9281186168615079
1999,episode_reset,1
1999,action/stop_pct,0.2
1999,action/forward_pct,0.254
1999,action/left_pct,0.278
1999,action/right_pct,0.268
2007,latent/posterior_entropy,2.345144271850586
2007,latent/prior_entropy,2.649613380432129
2007,loss/barlow,455.6940002441406
2007,loss/con,0.06553341448307037
2007,loss/dyn,8.639776229858398
2007,loss/policy,-0.09252213686704636
2007,loss/rep,8.639776229858398
2007,loss/repval,9.421103477478027
2007,loss/rew,4.713089466094971
2007,loss/value,6.065940856933594
2007,nan_skipped,0.0
2007,opt_loss,45.866825103759766
2007,params/encoder_l2,55.42093276977539
2007,total_loss,45.866825103759766
2007,perf/fps_cumulative,7.648426650630091
2007,perf/fps_interval,15.047913538171693
2007,perf/ms_per_step_interval,66.45439565181732
2255,latent/posterior_entropy,2.319373369216919
2255,latent/prior_entropy,2.619732141494751
2255,loss/barlow,357.39190673828125
2255,loss/con,0.05725227668881416
2255,loss/dyn,7.889585018157959
2255,loss/policy,-0.10643710196018219
2255,loss/rep,7.889585018157959
2255,loss/repval,8.890043258666992
2255,loss/rew,4.445918083190918
2255,loss/value,6.44087028503418
2255,nan_skipped,0.0
2255,opt_loss,40.052757263183594
2255,params/encoder_l2,55.422019958496094
2255,total_loss,40.052757263183594
2255,perf/fps_cumulative,8.085118387621431
2255,perf/fps_interval,15.036217920659846
2255,perf/ms_per_step_interval,66.5060858572683
2499,episode/count,5
2499,episode/goal,chair
2499,episode/scene,u5atqC7vRCY
2499,episode/reward,-5.306378602981498
2499,episode/success,0.0
2499,episode/spl,0.0
2499,episode/softspl,0.0
2499,episode/dtg,2.7134647369384766
2499,metrics/sr_last,0.0
2499,metrics/reward,-4.430203866958567
2499,metrics/reward_mean,-4.430203866958567
2499,metrics/sr,0.0
2499,metrics/sr_mean,0.0
2499,metrics/spl,0.0
2499,metrics/spl_mean,0.0
2499,metrics/softspl,0.13276688990729044
2499,metrics/softspl_mean,0.13276688990729044
2499,metrics/dtg,3.3443331718444824
2499,metrics/dtg_mean,3.3443331718444824
2499,goal/chair/sr,0.0
2499,goal/chair/spl,0.0
2499,goal/chair/reward,-4.430203866958567
2499,episode/steps,500
2499,episode/path_length,1.9765653759241104
2499,episode/shortest_path,2.407086133956909
2499,episode/path_ratio,0.8211444318674698
2499,episode_reset,1
2499,action/stop_pct,0.258
2499,action/forward_pct,0.236
2499,action/left_pct,0.284
2499,action/right_pct,0.222
2503,latent/posterior_entropy,2.317060947418213
2503,latent/prior_entropy,2.5963633060455322
2503,loss/barlow,320.2891845703125
2503,loss/con,0.035932134836912155
2503,loss/dyn,7.459594249725342
2503,loss/policy,-0.12169408053159714
2503,loss/rep,7.459594249725342
2503,loss/repval,8.419376373291016
2503,loss/rew,4.14818811416626
2503,loss/value,6.605767250061035
2503,nan_skipped,0.0
2503,opt_loss,37.41402053833008
2503,params/encoder_l2,55.42286682128906
2503,total_loss,37.41402053833008
2503,perf/fps_cumulative,8.469142756061158
2503,perf/fps_interval,14.912449327952476
2503,perf/ms_per_step_interval,67.05806524522843
2751,latent/posterior_entropy,2.298707962036133
2751,latent/prior_entropy,2.5706491470336914
2751,loss/barlow,272.8011779785156
2751,loss/con,0.03117130696773529
2751,loss/dyn,6.696633338928223
2751,loss/policy,-0.1341376006603241
2751,loss/rep,6.696633338928223
2751,loss/repval,7.879445552825928
2751,loss/rew,3.825989007949829
2751,loss/value,6.368837356567383
2751,nan_skipped,0.0
2751,opt_loss,33.4620475769043
2751,params/encoder_l2,55.42380905151367
2751,total_loss,33.4620475769043
2751,perf/fps_cumulative,8.815760625102826
2751,perf/fps_interval,15.02427430445592
2751,perf/ms_per_step_interval,66.55895517718407
2999,episode/count,6
2999,episode/goal,chair
2999,episode/scene,u5atqC7vRCY
2999,episode/reward,-5.909509181976246
2999,episode/success,0.0
2999,episode/spl,0.0
2999,episode/softspl,0.0
2999,episode/dtg,2.9582934379577637
2999,metrics/sr_last,0.0
2999,metrics/reward,-4.676754752794847
2999,metrics/reward_mean,-4.676754752794847
2999,metrics/sr,0.0
2999,metrics/sr_mean,0.0
2999,metrics/spl,0.0
2999,metrics/spl_mean,0.0
2999,metrics/softspl,0.11063907492274204
2999,metrics/softspl_mean,0.11063907492274204
2999,metrics/dtg,3.279993216196696
2999,metrics/dtg_mean,3.279993216196696
2999,goal/chair/sr,0.0
2999,goal/chair/spl,0.0
2999,goal/chair/reward,-4.676754752794847
2999,episode/steps,500
2999,episode/path_length,11.760228040628135
2999,episode/shortest_path,2.0487842559814453
2999,episode/path_ratio,5.7401007481847035
2999,episode_reset,1
2999,action/stop_pct,0.258
2999,action/forward_pct,0.25
2999,action/left_pct,0.258
2999,action/right_pct,0.234
3007,latent/posterior_entropy,2.2835915088653564
3007,latent/prior_entropy,2.5312600135803223
3007,loss/barlow,240.335693359375
3007,loss/con,0.028988145291805267
3007,loss/dyn,6.15467643737793
3007,loss/policy,-0.15154795348644257
3007,loss/rep,6.15467643737793
3007,loss/repval,7.0710859298706055
3007,loss/rew,3.463216543197632
3007,loss/value,6.009843826293945
3007,nan_skipped,0.0
3007,opt_loss,30.25875473022461
3007,params/encoder_l2,55.42457962036133
3007,total_loss,30.25875473022461
3007,perf/fps_cumulative,9.138118463160048
3007,perf/fps_interval,15.056679156572187
3007,perf/ms_per_step_interval,66.41570758074522
3255,latent/posterior_entropy,2.289987087249756
3255,latent/prior_entropy,2.5165953636169434
3255,loss/barlow,236.00286865234375
3255,loss/con,0.010957015678286552
3255,loss/dyn,5.573357105255127
3255,loss/policy,-0.17058265209197998
3255,loss/rep,5.573357105255127
3255,loss/repval,6.41452693939209
3255,loss/rew,3.090688705444336
3255,loss/value,5.517016887664795
3255,nan_skipped,0.0
3255,opt_loss,28.30327606201172
3255,params/encoder_l2,55.42552947998047
3255,total_loss,28.30327606201172
3255,perf/fps_cumulative,9.418613281719596
3255,perf/fps_interval,15.004983887478394
3255,perf/ms_per_step_interval,66.64452341295058
3499,episode/count,7
3499,episode/goal,chair
3499,episode/scene,u5atqC7vRCY
3499,episode/reward,-4.8095822334288805
3499,episode/success,0.0
3499,episode/spl,0.0
3499,episode/softspl,0.019607738856121278
3499,episode/dtg,3.5522565841674805
3499,metrics/sr_last,0.0
3499,metrics/reward,-4.695730107171138
3499,metrics/reward_mean,-4.695730107171138
3499,metrics/sr,0.0
3499,metrics/sr_mean,0.0
3499,metrics/spl,0.0
3499,metrics/spl_mean,0.0
3499,metrics/softspl,0.09763459834179622
3499,metrics/softspl_mean,0.09763459834179622
3499,metrics/dtg,3.3188879830496654
3499,metrics/dtg_mean,3.3188879830496654
3499,goal/chair/sr,0.0
3499,goal/chair/spl,0.0
3499,goal/chair/reward,-4.695730107171138
3499,episode/steps,500
3499,episode/path_length,9.711357743404413
3499,episode/shortest_path,3.7426743507385254
3499,episode/path_ratio,2.5947642870633705
3499,episode_reset,1
3499,action/stop_pct,0.228
3499,action/forward_pct,0.25
3499,action/left_pct,0.272
3499,action/right_pct,0.25
3503,latent/posterior_entropy,2.3065028190612793
3503,latent/prior_entropy,2.4981112480163574
3503,loss/barlow,215.548583984375
3503,loss/con,0.019031941890716553
3503,loss/dyn,4.662609577178955
3503,loss/policy,-0.18914853036403656
3503,loss/rep,4.662609577178955
3503,loss/repval,5.887660026550293
3503,loss/rew,2.734426975250244
3503,loss/value,4.913057327270508
3503,nan_skipped,0.0
3503,opt_loss,25.149965286254883
3503,params/encoder_l2,55.426368713378906
3503,total_loss,25.149965286254883
3503,perf/fps_cumulative,9.673646849274485
3503,perf/fps_interval,15.009603939772981
3503,perf/ms_per_step_interval,66.62400980149546
3751,latent/posterior_entropy,2.298651695251465
3751,latent/prior_entropy,2.47540283203125
3751,loss/barlow,199.28656005859375
3751,loss/con,0.022275593131780624
3751,loss/dyn,4.182945251464844
3751,loss/policy,-0.2061414122581482
3751,loss/rep,4.182945251464844
3751,loss/repval,5.117074489593506
3751,loss/rew,2.3770856857299805
3751,loss/value,4.2740092277526855
3751,nan_skipped,0.0
3751,opt_loss,22.567920684814453
3751,params/encoder_l2,55.427188873291016
3751,total_loss,22.567920684814453
3751,perf/fps_cumulative,9.905639739768686
3751,perf/fps_interval,14.9822514198023
3751,perf/ms_per_step_interval,66.74564269281203
3999,episode/count,8
3999,episode/goal,chair
3999,episode/scene,u5atqC7vRCY
3999,episode/reward,-5.1430120468139
3999,episode/success,0.0
3999,episode/spl,0.0
3999,episode/softspl,0.0
3999,episode/dtg,9.428702354431152
3999,metrics/sr_last,0.0
3999,metrics/reward,-4.7516403496264825
3999,metrics/reward_mean,-4.751640349626483
3999,metrics/sr,0.0
3999,metrics/sr_mean,0.0
3999,metrics/spl,0.0
3999,metrics/spl_mean,0.0
3999,metrics/softspl,0.08543027354907169
3999,metrics/softspl_mean,0.08543027354907169
3999,metrics/dtg,4.082614779472351
3999,metrics/dtg_mean,4.082614779472351
3999,goal/chair/sr,0.0
3999,goal/chair/spl,0.0
3999,goal/chair/reward,-4.7516403496264825
3999,episode/steps,500
3999,episode/path_length,0.5131551763239486
3999,episode/shortest_path,9.285690307617188
3999,episode/path_ratio,0.05526300784584641
3999,episode_reset,1
3999,action/stop_pct,0.25
3999,action/forward_pct,0.242
3999,action/left_pct,0.254
3999,action/right_pct,0.254
4007,latent/posterior_entropy,2.292840003967285
4007,latent/prior_entropy,2.4661865234375
4007,loss/barlow,200.95254516601562
4007,loss/con,0.03426015377044678
4007,loss/dyn,4.147915840148926
4007,loss/policy,-0.21777062118053436
4007,loss/rep,4.147915840148926
4007,loss/repval,4.428339958190918
4007,loss/rew,1.952649474143982
4007,loss/value,3.610191822052002
4007,nan_skipped,0.0
4007,opt_loss,21.318166732788086
4007,params/encoder_l2,55.427947998046875
4007,total_loss,21.318166732788086
4007,perf/fps_cumulative,10.127673976494352
4007,perf/fps_interval,15.082588444445344
4007,perf/ms_per_step_interval,66.30161684006453
4255,latent/posterior_entropy,2.3109538555145264
4255,latent/prior_entropy,2.448004961013794
4255,loss/barlow,202.58944702148438
4255,loss/con,0.010160563513636589
4255,loss/dyn,3.604607582092285
4255,loss/policy,-0.21956372261047363
4255,loss/rep,3.604607582092285
4255,loss/repval,4.03790283203125
4255,loss/rew,1.5858607292175293
4255,loss/value,3.0027952194213867
4255,nan_skipped,0.0
4255,opt_loss,19.685165405273438
4255,params/encoder_l2,55.42881393432617
4255,total_loss,19.685165405273438
4255,perf/fps_cumulative,10.32009599822113
4255,perf/fps_interval,14.893170161657284
4255,perf/ms_per_step_interval,67.14487171942189
4499,episode/count,9
4499,episode/goal,chair
4499,episode/scene,u5atqC7vRCY
4499,episode/reward,-3.5502858161925994
4499,episode/success,0.0
4499,episode/spl,0.0
4499,episode/softspl,0.16463205362454436
4499,episode/dtg,7.356069087982178
4499,metrics/sr_last,0.0
4499,metrics/reward,-4.618156512578273
4499,metrics/reward_mean,-4.618156512578274
4499,metrics/sr,0.0
4499,metrics/sr_mean,0.0
4499,metrics/spl,0.0
4499,metrics/spl_mean,0.0
4499,metrics/softspl,0.09423047133523532
4499,metrics/softspl_mean,0.09423047133523532
4499,metrics/dtg,4.446331924862331
4499,metrics/dtg_mean,4.446331924862331
4499,goal/chair/sr,0.0
4499,goal/chair/spl,0.0
4499,goal/chair/reward,-4.618156512578273
4499,episode/steps,500
4499,episode/path_length,2.356961280024052
4499,episode/shortest_path,8.80578327178955
4499,episode/path_ratio,0.2676606052268942
4499,episode_reset,1
4499,action/stop_pct,0.258
4499,action/forward_pct,0.274
4499,action/left_pct,0.228
4499,action/right_pct,0.24
4503,latent/posterior_entropy,2.280090570449829
4503,latent/prior_entropy,2.429319381713867
4503,loss/barlow,202.04598999023438
4503,loss/con,0.009371776133775711
4503,loss/dyn,3.6183667182922363
4503,loss/policy,-0.21367445588111877
4503,loss/rep,3.6183667182922363
4503,loss/repval,3.6859025955200195
4503,loss/rew,1.2589714527130127
4503,loss/value,2.454451322555542
4503,nan_skipped,0.0
4503,opt_loss,18.6973934173584
4503,params/encoder_l2,55.42957305908203
4503,total_loss,18.6973934173584
4503,perf/fps_cumulative,10.474315031775609
4503,perf/fps_interval,14.086917224436306
4503,perf/ms_per_step_interval,70.98785235035804
4751,latent/posterior_entropy,2.2932887077331543
4751,latent/prior_entropy,2.4258854389190674
4751,loss/barlow,200.82078552246094
4751,loss/con,0.009666851721704006
4751,loss/dyn,3.6198344230651855
4751,loss/policy,-0.20715482532978058
4751,loss/rep,3.6198344230651855
4751,loss/repval,3.5421183109283447
4751,loss/rew,1.023890495300293
4751,loss/value,2.0428688526153564
4751,nan_skipped,0.0
4751,opt_loss,17.954763412475586
4751,params/encoder_l2,55.430484771728516
4751,total_loss,17.954763412475586
4751,perf/fps_cumulative,10.603703547483374
4751,perf/fps_interval,13.670647915476259
4751,perf/ms_per_step_interval,73.14942248405949
4999,episode/count,10
4999,episode/goal,chair
4999,episode/scene,u5atqC7vRCY
4999,episode/reward,-3.8678877353667813
4999,episode/success,0.0
4999,episode/spl,0.0
4999,episode/softspl,0.22261793426152812
4999,episode/dtg,3.3910601139068604
4999,metrics/sr_last,0.0
4999,metrics/reward,-4.543129634857124
4999,metrics/reward_mean,-4.543129634857125
4999,metrics/sr,0.0
4999,metrics/sr_mean,0.0
4999,metrics/spl,0.0
4999,metrics/spl_mean,0.0
4999,metrics/softspl,0.10706921762786462
4999,metrics/softspl_mean,0.10706921762786462
4999,metrics/dtg,4.3408047437667845
4999,metrics/dtg_mean,4.3408047437667845
4999,goal/chair/sr,0.0
4999,goal/chair/spl,0.0
4999,goal/chair/reward,-4.543129634857124
4999,episode/steps,500
4999,episode/path_length,5.085449509666148
4999,episode/shortest_path,4.523172378540039
4999,episode/path_ratio,1.1243103477094536
4999,episode_reset,1
4999,action/stop_pct,0.238
4999,action/forward_pct,0.236
4999,action/left_pct,0.274
4999,action/right_pct,0.252
5007,latent/posterior_entropy,2.2703466415405273
5007,latent/prior_entropy,2.4134814739227295
5007,loss/barlow,198.25169372558594
5007,loss/con,0.020102782174944878
5007,loss/dyn,3.6013269424438477
5007,loss/policy,-0.2019587904214859
5007,loss/rep,3.6013269424438477
5007,loss/repval,3.3100006580352783
5007,loss/rew,0.8430272340774536
5007,loss/value,1.7426303625106812
5007,nan_skipped,0.0
5007,opt_loss,17.270845413208008
5007,params/encoder_l2,55.431541442871094
5007,total_loss,17.270845413208008
5007,perf/fps_cumulative,10.731952835639333
5007,perf/fps_interval,13.83891435168275
5007,perf/ms_per_step_interval,72.26000353693962
5255,latent/posterior_entropy,2.240866184234619
5255,latent/prior_entropy,2.385025978088379
5255,loss/barlow,183.8665771484375
5255,loss/con,0.017645683139562607
5255,loss/dyn,3.3645386695861816
5255,loss/policy,-0.1989903599023819
5255,loss/rep,3.3645386695861816
5255,loss/repval,2.965369939804077
5255,loss/rew,0.600602388381958
5255,loss/value,1.5592312812805176
5255,nan_skipped,0.0
5255,opt_loss,15.762421607971191
5255,params/encoder_l2,55.4326286315918
5255,total_loss,15.762421607971191
5255,perf/fps_cumulative,10.855774253017998
5255,perf/fps_interval,14.153291804805916
5255,perf/ms_per_step_interval,70.65494118198272
5499,episode/count,11
5499,episode/goal,chair
5499,episode/scene,u5atqC7vRCY
5499,episode/reward,-4.721945285797063
5499,episode/success,0.0
5499,episode/spl,0.0
5499,episode/softspl,0.04381235886549173
5499,episode/dtg,6.0684356689453125
5499,metrics/sr_last,0.0
5499,metrics/reward,-4.559385603124391
5499,metrics/reward_mean,-4.559385603124391
5499,metrics/sr,0.0
5499,metrics/sr_mean,0.0
5499,metrics/spl,0.0
5499,metrics/spl_mean,0.0
5499,metrics/softspl,0.10131859410401253
5499,metrics/softspl_mean,0.10131859410401253
5499,metrics/dtg,4.497862100601196
5499,metrics/dtg_mean,4.497862100601196
5499,goal/chair/sr,0.0
5499,goal/chair/spl,0.0
5499,goal/chair/reward,-4.559385603124391
5499,episode/steps,500
5499,episode/path_length,0.46541638672351837
5499,episode/shortest_path,6.346490383148193
5499,episode/path_ratio,0.07333445079493642
5499,episode_reset,1
5499,action/stop_pct,0.234
5499,action/forward_pct,0.268
5499,action/left_pct,0.222
5499,action/right_pct,0.276
5503,latent/posterior_entropy,2.2599611282348633
5503,latent/prior_entropy,2.388258934020996
5503,loss/barlow,197.14154052734375
5503,loss/con,0.003477006684988737
5503,loss/dyn,3.162583589553833
5503,loss/policy,-0.198978453874588
5503,loss/rep,3.162583589553833
5503,loss/repval,2.8613266944885254
5503,loss/rew,0.47723692655563354
5503,loss/value,1.4142409563064575
5503,nan_skipped,0.0
5503,opt_loss,15.890294075012207
5503,params/encoder_l2,55.43404769897461
5503,total_loss,15.890294075012207
5503,perf/fps_cumulative,10.965158091364176
5503,perf/fps_interval,13.942569508914419
5503,perf/ms_per_step_interval,71.72279107955194
5751,latent/posterior_entropy,2.2434206008911133
5751,latent/prior_entropy,2.3873300552368164
5751,loss/barlow,176.669921875
5751,loss/con,0.019229359924793243
5751,loss/dyn,3.7159523963928223
5751,loss/policy,-0.20002315938472748
5751,loss/rep,3.7159523963928223
5751,loss/repval,2.4027316570281982
5751,loss/rew,0.38760995864868164
5751,loss/value,1.2117533683776855
5751,nan_skipped,0.0
5751,opt_loss,15.060432434082031
5751,params/encoder_l2,55.43545913696289
5751,total_loss,15.060432434082031
5751,perf/fps_cumulative,11.085611475815526
5751,perf/fps_interval,14.65959804845435
5751,perf/ms_per_step_interval,68.21469433846012
5999,episode/count,12
5999,episode/goal,chair
5999,episode/scene,u5atqC7vRCY
5999,episode/reward,-5.493166446685745
5999,episode/success,0.0
5999,episode/spl,0.0
5999,episode/softspl,0.0
5999,episode/dtg,5.144235134124756
5999,metrics/sr_last,0.0
5999,metrics/reward,-4.63720067342117
5999,metrics/reward_mean,-4.63720067342117
5999,metrics/sr,0.0
5999,metrics/sr_mean,0.0
5999,metrics/spl,0.0
5999,metrics/spl_mean,0.0
5999,metrics/softspl,0.09287537792867816
5999,metrics/softspl_mean,0.09287537792867816
5999,metrics/dtg,4.551726520061493
5999,metrics/dtg_mean,4.551726520061493
5999,goal/chair/sr,0.0
5999,goal/chair/spl,0.0
5999,goal/chair/reward,-4.63720067342117
5999,episode/steps,500
5999,episode/path_length,6.610910175771778
5999,episode/shortest_path,4.651068687438965
5999,episode/path_ratio,1.42137444532387
5999,episode_reset,1
5999,action/stop_pct,0.28
5999,action/forward_pct,0.26
5999,action/left_pct,0.242
5999,action/right_pct,0.218
6007,latent/posterior_entropy,2.227354049682617
6007,latent/prior_entropy,2.3666563034057617
6007,loss/barlow,177.89019775390625
6007,loss/con,0.01240109745413065
6007,loss/dyn,3.7726356983184814
6007,loss/policy,-0.20181196928024292
6007,loss/rep,3.7726356983184814
6007,loss/repval,2.4311230182647705
6007,loss/rew,0.4513598084449768
6007,loss/value,1.3706762790679932
6007,nan_skipped,0.0
6007,opt_loss,15.406371116638184
6007,params/encoder_l2,55.43744659423828
6007,total_loss,15.406371116638184
6007,perf/fps_cumulative,11.20827423610151
6007,perf/fps_interval,14.916872260588455
6007,perf/ms_per_step_interval,67.03818216919899
6255,latent/posterior_entropy,2.2016441822052
6255,latent/prior_entropy,2.357943058013916
6255,loss/barlow,169.06552124023438
6255,loss/con,0.014848373830318451
6255,loss/dyn,3.619170665740967
6255,loss/policy,-0.19701839983463287
6255,loss/rep,3.619170665740967
6255,loss/repval,2.929490566253662
6255,loss/rew,0.37621450424194336
6255,loss/value,1.436556100845337
6255,nan_skipped,0.0
6255,opt_loss,14.943812370300293
6255,params/encoder_l2,55.43919372558594
6255,total_loss,14.943812370300293
6255,perf/fps_cumulative,11.321627770253023
6255,perf/fps_interval,14.995628437326726
6255,perf/ms_per_step_interval,66.68610149814236
6499,episode/count,13
6499,episode/goal,chair
6499,episode/scene,u5atqC7vRCY
6499,episode/reward,-5.653819084167397
6499,episode/success,0.0
6499,episode/spl,0.0
6499,episode/softspl,0.0
6499,episode/dtg,5.892400741577148
6499,metrics/sr_last,0.0
6499,metrics/reward,-4.715402089632419
6499,metrics/reward_mean,-4.715402089632419
6499,metrics/sr,0.0
6499,metrics/sr_mean,0.0
6499,metrics/spl,0.0
6499,metrics/spl_mean,0.0
6499,metrics/softspl,0.08573111808801061
6499,metrics/softspl_mean,0.08573111808801061
6499,metrics/dtg,4.654855306331928
6499,metrics/dtg_mean,4.654855306331928
6499,goal/chair/sr,0.0
6499,goal/chair/spl,0.0
6499,goal/chair/reward,-4.715402089632419
6499,episode/steps,500
6499,episode/path_length,5.147982496768236
6499,episode/shortest_path,5.238581657409668
6499,episode/path_ratio,0.9827054026134565
6499,episode_reset,1
6499,action/stop_pct,0.274
6499,action/forward_pct,0.248
6499,action/left_pct,0.234
6499,action/right_pct,0.244
6503,latent/posterior_entropy,2.204401969909668
6503,latent/prior_entropy,2.3519768714904785
6503,loss/barlow,161.66163635253906
6503,loss/con,0.013423087075352669
6503,loss/dyn,3.993661642074585
6503,loss/policy,-0.20024730265140533
6503,loss/rep,3.993661642074585
6503,loss/repval,2.783616781234741
6503,loss/rew,0.3126232922077179
6503,loss/value,1.4002423286437988
6503,nan_skipped,0.0
6503,opt_loss,14.837236404418945
6503,params/encoder_l2,55.44131851196289
6503,total_loss,14.837236404418945
6503,perf/fps_cumulative,11.427968088636954
6503,perf/fps_interval,14.976454588505405
6503,perf/ms_per_step_interval,66.7714774608612
6751,latent/posterior_entropy,2.1970436573028564
6751,latent/prior_entropy,2.346743106842041
6751,loss/barlow,151.70867919921875
6751,loss/con,0.007629976607859135
6751,loss/dyn,4.134268283843994
6751,loss/policy,-0.20191876590251923
6751,loss/rep,4.134268283843994
6751,loss/repval,2.972409963607788
6751,loss/rew,0.4181191623210907
6751,loss/value,1.3616468906402588
6751,nan_skipped,0.0
6751,opt_loss,14.610329627990723
6751,params/encoder_l2,55.44340133666992
6751,total_loss,14.610329627990723
6751,perf/fps_cumulative,11.529607293020836
6751,perf/fps_interval,15.03697782514729
6751,perf/ms_per_step_interval,66.50272492439517
6999,episode/count,14
6999,episode/goal,chair
6999,episode/scene,u5atqC7vRCY
6999,episode/reward,-4.650341033935492
6999,episode/success,0.0
6999,episode/spl,0.0
6999,episode/softspl,0.047745826827291005
6999,episode/dtg,6.973681926727295
6999,metrics/sr_last,0.0
6999,metrics/reward,-4.710754871368352
6999,metrics/reward_mean,-4.710754871368352
6999,metrics/sr,0.0
6999,metrics/sr_mean,0.0
6999,metrics/spl,0.0
6999,metrics/spl_mean,0.0
6999,metrics/softspl,0.0830178829979592
6999,metrics/softspl_mean,0.0830178829979592
6999,metrics/dtg,4.820485779217312
6999,metrics/dtg_mean,4.820485779217312
6999,goal/chair/sr,0.0
6999,goal/chair/spl,0.0
6999,goal/chair/reward,-4.710754871368352
6999,episode/steps,500
6999,episode/path_length,1.1412151157855988
6999,episode/shortest_path,7.323340892791748
6999,episode/path_ratio,0.1558325813985908
6999,episode_reset,1
6999,action/stop_pct,0.228
6999,action/forward_pct,0.228
6999,action/left_pct,0.264
6999,action/right_pct,0.28
7007,latent/posterior_entropy,2.182879686355591
7007,latent/prior_entropy,2.326815366744995
7007,loss/barlow,145.32345581054688
7007,loss/con,0.010438267141580582
7007,loss/dyn,3.864706516265869
7007,loss/policy,-0.2016880363225937
7007,loss/rep,3.864706516265869
7007,loss/repval,2.9305691719055176
7007,loss/rew,0.29986774921417236
7007,loss/value,1.3420222997665405
7007,nan_skipped,0.0
7007,opt_loss,13.847160339355469
7007,params/encoder_l2,55.44621276855469
7007,total_loss,13.847160339355469
7007,perf/fps_cumulative,11.628166763024097
7007,perf/fps_interval,15.013065612203361
7007,perf/ms_per_step_interval,66.60864781588316
7255,latent/posterior_entropy,2.170722007751465
7255,latent/prior_entropy,2.303952693939209
7255,loss/barlow,136.20281982421875
7255,loss/con,0.018969479948282242
7255,loss/dyn,3.6441965103149414
7255,loss/policy,-0.1978025585412979
7255,loss/rep,3.6441965103149414
7255,loss/repval,2.773852825164795
7255,loss/rew,0.37321028113365173
7255,loss/value,1.287819504737854
7255,nan_skipped,0.0
7255,opt_loss,13.133110046386719
7255,params/encoder_l2,55.4486198425293
7255,total_loss,13.133110046386719
7255,perf/fps_cumulative,11.715547093731445
7255,perf/fps_interval,14.873983530288264
7255,perf/ms_per_step_interval,67.23148495920242
7499,episode/count,15
7499,episode/goal,chair
7499,episode/scene,u5atqC7vRCY
7499,episode/reward,-5.67997741699211
7499,episode/success,0.0
7499,episode/spl,0.0
7499,episode/softspl,0.0
7499,episode/dtg,10.104484558105469
7499,metrics/sr_last,0.0
7499,metrics/reward,-4.77536970774327
7499,metrics/reward_mean,-4.77536970774327
7499,metrics/sr,0.0
7499,metrics/sr_mean,0.0
7499,metrics/spl,0.0
7499,metrics/spl_mean,0.0
7499,metrics/softspl,0.07748335746476193
7499,metrics/softspl_mean,0.07748335746476193
7499,metrics/dtg,5.172752364476522
7499,metrics/dtg_mean,5.172752364476522
7499,goal/chair/sr,0.0
7499,goal/chair/spl,0.0
7499,goal/chair/reward,-4.77536970774327
7499,episode/steps,500
7499,episode/path_length,1.6176302635646493
7499,episode/shortest_path,9.424507141113281
7499,episode/path_ratio,0.17164083376921976
7499,episode_reset,1
7499,action/stop_pct,0.23
7499,action/forward_pct,0.262
7499,action/left_pct,0.258
7499,action/right_pct,0.25
7503,latent/posterior_entropy,2.1651322841644287
7503,latent/prior_entropy,2.2939376831054688
7503,loss/barlow,121.98051452636719
7503,loss/con,0.014384722337126732
7503,loss/dyn,3.637004852294922
7503,loss/policy,-0.19214075803756714
7503,loss/rep,3.637004852294922
7503,loss/repval,2.5356171131134033
7503,loss/rew,0.33567437529563904
7503,loss/value,1.1631219387054443
7503,nan_skipped,0.0
7503,opt_loss,12.181456565856934
7503,params/encoder_l2,55.45099639892578
7503,total_loss,12.181456565856934
7503,perf/fps_cumulative,11.800168362459578
7503,perf/fps_interval,14.962124265357195
7503,perf/ms_per_step_interval,66.83542939924425
7751,latent/posterior_entropy,2.133255958557129
7751,latent/prior_entropy,2.2614359855651855
7751,loss/barlow,120.84941864013672
7751,loss/con,0.023540247231721878
7751,loss/dyn,3.6413512229919434
7751,loss/policy,-0.19381068646907806
7751,loss/rep,3.6413512229919434
7751,loss/repval,2.3164994716644287
7751,loss/rew,0.3446119725704193
7751,loss/value,1.0109260082244873
7751,nan_skipped,0.0
7751,opt_loss,11.928175926208496
7751,params/encoder_l2,55.453041076660156
7751,total_loss,11.928175926208496
7751,perf/fps_cumulative,11.881692116775408
7751,perf/fps_interval,15.021932720855053
7751,perf/ms_per_step_interval,66.56933023083594
7999,episode/count,16
7999,episode/goal,chair
7999,episode/scene,u5atqC7vRCY
7999,episode/reward,-3.6542642116546107
7999,episode/success,0.0
7999,episode/spl,0.0
7999,episode/softspl,0.27819359100873464
7999,episode/dtg,3.4916718006134033
7999,metrics/sr_last,0.0
7999,metrics/reward,-4.7053006142377285
7999,metrics/reward_mean,-4.7053006142377285
7999,metrics/sr,0.0
7999,metrics/sr_mean,0.0
7999,metrics/spl,0.0
7999,metrics/spl_mean,0.0
7999,metrics/softspl,0.0900277470612602
7999,metrics/softspl_mean,0.09002774706126021
7999,metrics/dtg,5.067684829235077
7999,metrics/dtg_mean,5.067684829235077
7999,goal/chair/sr,0.0
7999,goal/chair/spl,0.0
7999,goal/chair/reward,-4.7053006142377285
7999,episode/steps,500
7999,episode/path_length,4.771265687420964
7999,episode/shortest_path,4.83740758895874
7999,episode/path_ratio,0.9863269942998512
7999,episode_reset,1
7999,action/stop_pct,0.248
7999,action/forward_pct,0.272
7999,action/left_pct,0.23
7999,action/right_pct,0.25
8007,latent/posterior_entropy,2.1400976181030273
8007,latent/prior_entropy,2.2547073364257812
8007,loss/barlow,127.17204284667969
8007,loss/con,0.008763878606259823
8007,loss/dyn,3.4554603099823
8007,loss/policy,-0.19468152523040771
8007,loss/rep,3.4554603099823
8007,loss/repval,2.143942356109619
8007,loss/rew,0.34757834672927856
8007,loss/value,1.2282521724700928
8007,nan_skipped,0.0
8007,opt_loss,12.192705154418945
8007,params/encoder_l2,55.45577621459961
8007,total_loss,12.192705154418945
8007,perf/fps_cumulative,11.962672452189896
8007,perf/fps_interval,15.073619542848418
8007,perf/ms_per_step_interval,66.34106673300266
8255,latent/posterior_entropy,2.1105566024780273
8255,latent/prior_entropy,2.2338690757751465
8255,loss/barlow,121.07034301757812
8255,loss/con,0.013188783079385757
8255,loss/dyn,3.2443785667419434
8255,loss/policy,-0.19737283885478973
8255,loss/rep,3.2443785667419434
8255,loss/repval,2.18534255027771
8255,loss/rew,0.3011097013950348
8255,loss/value,1.3652434349060059
8255,nan_skipped,0.0
8255,opt_loss,11.760104179382324
8255,params/encoder_l2,55.457794189453125
8255,total_loss,11.760104179382324
8255,perf/fps_cumulative,12.036256007569426
8255,perf/fps_interval,15.019428346870813
8255,perf/ms_per_step_interval,66.5804301538775
8499,episode/count,17
8499,episode/goal,chair
8499,episode/scene,u5atqC7vRCY
8499,episode/reward,-5.0648508071898775
8499,episode/success,0.0
8499,episode/spl,0.0
8499,episode/softspl,0.0
8499,episode/dtg,3.529665946960449
8499,metrics/sr_last,0.0
8499,metrics/reward,-4.726450625587855
8499,metrics/reward_mean,-4.726450625587855
8499,metrics/sr,0.0
8499,metrics/sr_mean,0.0
8499,metrics/spl,0.0
8499,metrics/spl_mean,0.0
8499,metrics/softspl,0.08473199723412725
8499,metrics/softspl_mean,0.08473199723412726
8499,metrics/dtg,4.977213130277746
8499,metrics/dtg_mean,4.977213130277746
8499,goal/chair/sr,0.0
8499,goal/chair/spl,0.0
8499,goal/chair/reward,-4.726450625587855
8499,episode/steps,500
8499,episode/path_length,0.07999621331691742
8499,episode/shortest_path,3.464815139770508
8499,episode/path_ratio,0.02308816202015787
8499,episode_reset,1
8499,action/stop_pct,0.244
8499,action/forward_pct,0.23
8499,action/left_pct,0.264
8499,action/right_pct,0.262
8503,latent/posterior_entropy,2.0901236534118652
8503,latent/prior_entropy,2.2053146362304688
8503,loss/barlow,116.02033996582031
8503,loss/con,0.013169145211577415
8503,loss/dyn,3.1740822792053223
8503,loss/policy,-0.1890697479248047
8503,loss/rep,3.1740822792053223
8503,loss/repval,2.217200994491577
8503,loss/rew,0.32427260279655457
8503,loss/value,1.405279517173767
8503,nan_skipped,0.0
8503,opt_loss,11.511319160461426
8503,params/encoder_l2,55.45966339111328
8503,total_loss,11.511319160461426
8503,perf/fps_cumulative,12.105236195414122
8503,perf/fps_interval,14.95928825369132
8503,perf/ms_per_step_interval,66.84810019308522
8751,latent/posterior_entropy,2.085911750793457
8751,latent/prior_entropy,2.195993423461914
8751,loss/barlow,107.23075866699219
8751,loss/con,0.013702839612960815
8751,loss/dyn,3.0721981525421143
8751,loss/policy,-0.17722702026367188
8751,loss/rep,3.0721981525421143
8751,loss/repval,2.124258279800415
8751,loss/rew,0.25743943452835083
8751,loss/value,1.3797175884246826
8751,nan_skipped,0.0
8751,opt_loss,10.851865768432617
8751,params/encoder_l2,55.461570739746094
8751,total_loss,10.851865768432617
8751,perf/fps_cumulative,12.173557128709794
8751,perf/fps_interval,15.094898344306701
8751,perf/ms_per_step_interval,66.24754782645934
8999,episode/count,18
8999,episode/goal,chair
8999,episode/scene,u5atqC7vRCY
8999,episode/reward,-5.046834945678648
8999,episode/success,0.0
8999,episode/spl,0.0
8999,episode/softspl,0.0
8999,episode/dtg,7.231205463409424
8999,metrics/sr_last,0.0
8999,metrics/reward,-4.744249754481789
8999,metrics/reward_mean,-4.744249754481789
8999,metrics/sr,0.0
8999,metrics/sr_mean,0.0
8999,metrics/spl,0.0
8999,metrics/spl_mean,0.0
8999,metrics/softspl,0.0800246640544535
8999,metrics/softspl_mean,0.08002466405445352
8999,metrics/dtg,5.1024349265628395
8999,metrics/dtg_mean,5.1024349265628395
8999,goal/chair/sr,0.0
8999,goal/chair/spl,0.0
8999,goal/chair/reward,-4.744249754481789
8999,episode/steps,500
8999,episode/path_length,0.4338565170764923
8999,episode/shortest_path,7.184370517730713
8999,episode/path_ratio,0.06038893957456027
8999,episode_reset,1
8999,action/stop_pct,0.232
8999,action/forward_pct,0.248
8999,action/left_pct,0.256
8999,action/right_pct,0.264
9007,latent/posterior_entropy,2.094170570373535
9007,latent/prior_entropy,2.2046313285827637
9007,loss/barlow,111.70582580566406
9007,loss/con,0.018693096935749054
9007,loss/dyn,3.0499930381774902
9007,loss/policy,-0.18659143149852753
9007,loss/rep,3.0499930381774902
9007,loss/repval,2.314781665802002
9007,loss/rew,0.3264721632003784
9007,loss/value,1.2995306253433228
9007,nan_skipped,0.0
9007,opt_loss,11.092823028564453
9007,params/encoder_l2,55.46342468261719
9007,total_loss,11.092823028564453
9007,perf/fps_cumulative,12.237404366506683
9007,perf/fps_interval,14.911022546484867
9007,perf/ms_per_step_interval,67.06448178738356
9255,latent/posterior_entropy,2.068166971206665
9255,latent/prior_entropy,2.172961711883545
9255,loss/barlow,119.10858917236328
9255,loss/con,0.00804152712225914
9255,loss/dyn,2.976147174835205
9255,loss/policy,-0.18746070563793182
9255,loss/rep,2.976147174835205
9255,loss/repval,2.403294324874878
9255,loss/rew,0.2851908206939697
9255,loss/value,1.1803309917449951
9255,nan_skipped,0.0
9255,opt_loss,11.236282348632812
9255,params/encoder_l2,55.465152740478516
9255,total_loss,11.236282348632812
9255,perf/fps_cumulative,12.297803223046285
9255,perf/fps_interval,14.984045543407493
9255,perf/ms_per_step_interval,66.73765086358593
9499,episode/count,19
9499,episode/goal,chair
9499,episode/scene,u5atqC7vRCY
9499,episode/reward,-5.005515575408872
9499,episode/success,0.0
9499,episode/spl,0.0
9499,episode/softspl,0.0
9499,episode/dtg,4.248575210571289
9499,metrics/sr_last,0.0
9499,metrics/reward,-4.758000587162162
9499,metrics/reward_mean,-4.758000587162162
9499,metrics/sr,0.0
9499,metrics/sr_mean,0.0
9499,metrics/spl,0.0
9499,metrics/spl_mean,0.0
9499,metrics/softspl,0.07581283963053491
9499,metrics/softspl_mean,0.07581283963053491
9499,metrics/dtg,5.057494941510652
9499,metrics/dtg_mean,5.057494941510652
9499,goal/chair/sr,0.0
9499,goal/chair/spl,0.0
9499,goal/chair/reward,-4.758000587162162
9499,episode/steps,500
9499,episode/path_length,4.53994937590187
9499,episode/shortest_path,4.2430596351623535
9499,episode/path_ratio,1.0699706735863863
9499,episode_reset,1
9499,action/stop_pct,0.24
9499,action/forward_pct,0.232
9499,action/left_pct,0.246
9499,action/right_pct,0.282
9503,latent/posterior_entropy,2.037949800491333
9503,latent/prior_entropy,2.1599788665771484
9503,loss/barlow,108.80036163330078
9503,loss/con,0.0075510963797569275
9503,loss/dyn,3.3912177085876465
9503,loss/policy,-0.18891246616840363
9503,loss/rep,3.3912177085876465
9503,loss/repval,2.3419349193573
9503,loss/rew,0.32660895586013794
9503,loss/value,1.1146504878997803
9503,nan_skipped,0.0
9503,opt_loss,11.13283634185791
9503,params/encoder_l2,55.4676399230957
9503,total_loss,11.13283634185791
9503,perf/fps_cumulative,12.35438975628114
9503,perf/fps_interval,14.915975336576066
9503,perf/ms_per_step_interval,67.04221329381389
9751,latent/posterior_entropy,2.033787965774536
9751,latent/prior_entropy,2.1434006690979004
9751,loss/barlow,113.09890747070312
9751,loss/con,0.00744340755045414
9751,loss/dyn,3.4399919509887695
9751,loss/policy,-0.1874213069677353
9751,loss/rep,3.4399919509887695
9751,loss/repval,2.203784704208374
9751,loss/rew,0.3108198046684265
9751,loss/value,1.0756574869155884
9751,nan_skipped,0.0
9751,opt_loss,11.306571960449219
9751,params/encoder_l2,55.4702033996582
9751,total_loss,11.306571960449219
9751,perf/fps_cumulative,12.410938352618368
9751,perf/fps_interval,15.05104840099338
9751,perf/ms_per_step_interval,66.44055439579871
9999,episode/count,20
9999,episode/goal,chair
9999,episode/scene,u5atqC7vRCY
9999,episode/reward,-5.709007740020674
9999,episode/success,0.0
9999,episode/spl,0.0
9999,episode/softspl,0.0
9999,episode/dtg,3.110401153564453
9999,metrics/sr_last,0.0
9999,metrics/reward,-4.805550944805087
9999,metrics/reward_mean,-4.805550944805087
9999,metrics/sr,0.0
9999,metrics/sr_mean,0.0
9999,metrics/spl,0.0
9999,metrics/spl_mean,0.0
9999,metrics/softspl,0.07202219764900816
9999,metrics/softspl_mean,0.07202219764900816
9999,metrics/dtg,4.960140252113343
9999,metrics/dtg_mean,4.960140252113343
9999,goal/chair/sr,0.0
9999,goal/chair/spl,0.0
9999,goal/chair/reward,-4.805550944805087
9999,episode/steps,500
9999,episode/path_length,2.6520073413848877
9999,episode/shortest_path,2.401393413543701
9999,episode/path_ratio,1.1043618785775544
9999,episode_reset,1
9999,action/stop_pct,0.264
9999,action/forward_pct,0.238
9999,action/left_pct,0.268
9999,action/right_pct,0.23
10007,latent/posterior_entropy,2.025376319885254
10007,latent/prior_entropy,2.138979434967041
10007,loss/barlow,113.36112976074219
10007,loss/con,0.023697741329669952
10007,loss/dyn,3.2461962699890137
10007,loss/policy,-0.1850736141204834
10007,loss/rep,3.2461962699890137
10007,loss/repval,2.342017650604248
10007,loss/rew,0.38244542479515076
10007,loss/value,0.9285480976104736
10007,nan_skipped,0.0
10007,opt_loss,11.091094970703125
10007,params/encoder_l2,55.47285842895508
10007,total_loss,11.091094970703125
10007,perf/fps_cumulative,12.467326537427583
10007,perf/fps_interval,15.076752861557889
10007,perf/ms_per_step_interval,66.32727943360806
10255,latent/posterior_entropy,2.021989345550537
10255,latent/prior_entropy,2.120014190673828
10255,loss/barlow,102.9948959350586
10255,loss/con,0.007429387886077166
10255,loss/dyn,2.8970181941986084
10255,loss/policy,-0.18635617196559906
10255,loss/rep,2.8970181941986084
10255,loss/repval,1.685048222541809
10255,loss/rew,0.2826497554779053
10255,loss/value,0.8927560448646545
10255,nan_skipped,0.0
10255,opt_loss,9.838458061218262
10255,params/encoder_l2,55.47492980957031
10255,total_loss,9.838458061218262
10255,perf/fps_cumulative,12.519492455309935
10255,perf/fps_interval,15.062912489253499
10255,perf/ms_per_step_interval,66.3882234404164
10499,episode/count,21
10499,episode/goal,chair
10499,episode/scene,u5atqC7vRCY
10499,episode/reward,-5.259195327758722
10499,episode/success,0.0
10499,episode/spl,0.0
10499,episode/softspl,0.0
10499,episode/dtg,9.579259872436523
10499,metrics/sr_last,0.0
10499,metrics/reward,-4.82715305827907
10499,metrics/reward_mean,-4.82715305827907
10499,metrics/sr,0.0
10499,metrics/sr_mean,0.0
10499,metrics/spl,0.0
10499,metrics/spl_mean,0.0
10499,metrics/softspl,0.06859256918953158
10499,metrics/softspl_mean,0.06859256918953159
10499,metrics/dtg,5.180098329271589
10499,metrics/dtg_mean,5.180098329271589
10499,goal/chair/sr,0.0
10499,goal/chair/spl,0.0
10499,goal/chair/reward,-4.82715305827907
10499,episode/steps,500
10499,episode/path_length,0.7675593122839928
10499,episode/shortest_path,9.320064544677734
10499,episode/path_ratio,0.08235557904181158
10499,episode_reset,1
10499,action/stop_pct,0.298
10499,action/forward_pct,0.248
10499,action/left_pct,0.206
10499,action/right_pct,0.248
10503,latent/posterior_entropy,1.9998102188110352
10503,latent/prior_entropy,2.10782527923584
10503,loss/barlow,109.65507507324219
10503,loss/con,0.022556908428668976
10503,loss/dyn,3.2243778705596924
10503,loss/policy,-0.18403543531894684
10503,loss/rep,3.2243778705596924
10503,loss/repval,1.8901066780090332
10503,loss/rew,0.30981260538101196
10503,loss/value,1.0815684795379639
10503,nan_skipped,0.0
10503,opt_loss,10.826504707336426
10503,params/encoder_l2,55.47663879394531
10503,total_loss,10.826504707336426
10503,perf/fps_cumulative,12.547123947304337
10503,perf/fps_interval,13.807368599565953
10503,perf/ms_per_step_interval,72.42509626573133
10751,latent/posterior_entropy,2.0012247562408447
10751,latent/prior_entropy,2.1036605834960938
10751,loss/barlow,110.77212524414062
10751,loss/con,0.0181718822568655
10751,loss/dyn,3.1287596225738525
10751,loss/policy,-0.18389089405536652
10751,loss/rep,3.1287596225738525
10751,loss/repval,2.2945704460144043
10751,loss/rew,0.3613998293876648
10751,loss/value,1.2313021421432495
10751,nan_skipped,0.0
10751,opt_loss,11.095596313476562
10751,params/encoder_l2,55.47884750366211
10751,total_loss,11.095596313476562
10751,perf/fps_cumulative,12.593740536645445
10751,perf/fps_interval,14.945608532726911
10751,perf/ms_per_step_interval,66.90928628367763
10999,episode/count,22
10999,episode/goal,chair
10999,episode/scene,j2EJhFEQGCL
10999,episode/reward,-4.50197410583492
10999,episode/success,0.0
10999,episode/spl,0.0
10999,episode/softspl,0.03473064483094772
10999,episode/dtg,5.061114311218262
10999,metrics/sr_last,0.0
10999,metrics/reward,-4.812372196804335
10999,metrics/reward_mean,-4.812372196804335
10999,metrics/sr,0.0
10999,metrics/sr_mean,0.0
10999,metrics/spl,0.0
10999,metrics/spl_mean,0.0
10999,metrics/softspl,0.06705339080959595
10999,metrics/softspl_mean,0.06705339080959595
10999,metrics/dtg,5.174689964814619
10999,metrics/dtg_mean,5.174689964814619
10999,goal/chair/sr,0.0
10999,goal/chair/spl,0.0
10999,goal/chair/reward,-4.812372196804335
10999,episode/steps,500
10999,episode/path_length,14.339667362618584
10999,episode/shortest_path,5.559140205383301
10999,episode/path_ratio,2.5794757521554303
10999,episode_reset,1
10999,action/stop_pct,0.236
10999,action/forward_pct,0.27
10999,action/left_pct,0.226
10999,action/right_pct,0.268
11007,latent/posterior_entropy,1.9979692697525024
11007,latent/prior_entropy,2.096384286880493
11007,loss/barlow,96.65533447265625
11007,loss/con,0.0070627410896122456
11007,loss/dyn,3.0454583168029785
11007,loss/policy,-0.19141045212745667
11007,loss/rep,3.0454583168029785
11007,loss/repval,1.9916385412216187
11007,loss/rew,0.32402461767196655
11007,loss/value,1.3399611711502075
11007,nan_skipped,0.0
11007,opt_loss,10.25990104675293
11007,params/encoder_l2,55.481117248535156
11007,total_loss,10.25990104675293
11007,perf/fps_cumulative,12.6406572634084
11007,perf/fps_interval,14.98537052442888
11007,perf/ms_per_step_interval,66.73175003379583
11255,latent/posterior_entropy,1.9822108745574951
11255,latent/prior_entropy,2.091226100921631
11255,loss/barlow,101.59323120117188
11255,loss/con,0.0014599490677937865
11255,loss/dyn,2.9232592582702637
11255,loss/policy,-0.1868801862001419
11255,loss/rep,2.9232592582702637
11255,loss/repval,1.8672113418579102
11255,loss/rew,0.3071516454219818
11255,loss/value,1.3758059740066528
11255,nan_skipped,0.0
11255,opt_loss,10.352948188781738
11255,params/encoder_l2,55.48285675048828
11255,total_loss,10.352948188781738
11255,perf/fps_cumulative,12.682978458885296
11255,perf/fps_interval,14.89677239369201
11255,perf/ms_per_step_interval,67.12863522191202
11499,episode/count,23
11499,episode/goal,chair
11499,episode/scene,j2EJhFEQGCL
11499,episode/reward,1.7458744049072812
11499,episode/success,0.0
11499,episode/spl,0.0
11499,episode/softspl,0.4081262188578221
11499,episode/dtg,9.783018112182617
11499,metrics/sr_last,0.0
11499,metrics/reward,-4.527231040208178
11499,metrics/reward_mean,-4.527231040208178
11499,metrics/sr,0.0
11499,metrics/sr_mean,0.0
11499,metrics/spl,0.0
11499,metrics/spl_mean,0.0
11499,metrics/softspl,0.08188264420299708
11499,metrics/softspl_mean,0.0818826442029971
11499,metrics/dtg,5.375052058178445
11499,metrics/dtg_mean,5.375052058178445
11499,goal/chair/sr,0.0
11499,goal/chair/spl,0.0
11499,goal/chair/reward,-4.527231040208178
11499,episode/steps,500
11499,episode/path_length,14.00493635982275
11499,episode/shortest_path,16.528892517089844
11499,episode/path_ratio,0.8473003466712921
11499,episode_reset,1
11499,action/stop_pct,0.282
11499,action/forward_pct,0.248
11499,action/left_pct,0.236
11499,action/right_pct,0.234
11503,latent/posterior_entropy,1.970687747001648
11503,latent/prior_entropy,2.081834316253662
11503,loss/barlow,105.35060119628906
11503,loss/con,0.005544932559132576
11503,loss/dyn,3.1674790382385254
11503,loss/policy,-0.19052372872829437
11503,loss/rep,3.1674790382385254
11503,loss/repval,1.9870219230651855
11503,loss/rew,0.30802443623542786
11503,loss/value,1.37043035030365
11503,nan_skipped,0.0
11503,opt_loss,10.841338157653809
11503,params/encoder_l2,55.48503875732422
11503,total_loss,10.841338157653809
11503,perf/fps_cumulative,12.725490077755053
11503,perf/fps_interval,15.008799372398913
11503,perf/ms_per_step_interval,66.62758127335579
11751,latent/posterior_entropy,1.9689297676086426
11751,latent/prior_entropy,2.066464424133301
11751,loss/barlow,99.33905792236328
11751,loss/con,0.010737894102931023
11751,loss/dyn,3.0052926540374756
11751,loss/policy,-0.18168281018733978
11751,loss/rep,3.0052926540374756
11751,loss/repval,1.9918521642684937
11751,loss/rew,0.28763559460639954
11751,loss/value,1.318733811378479
11751,nan_skipped,0.0
11751,opt_loss,10.305755615234375
11751,params/encoder_l2,55.4870491027832
11751,total_loss,10.305755615234375
11751,perf/fps_cumulative,12.76752451945255
11751,perf/fps_interval,15.07781362268707
11751,perf/ms_per_step_interval,66.32261314699727
11999,episode/count,24
11999,episode/goal,chair
11999,episode/scene,j2EJhFEQGCL
11999,episode/reward,-5.844820976257244
11999,episode/success,0.0
11999,episode/spl,0.0
11999,episode/softspl,0.0
11999,episode/dtg,3.453023910522461
11999,metrics/sr_last,0.0
11999,metrics/reward,-4.582130620876889
11999,metrics/reward_mean,-4.582130620876889
11999,metrics/sr,0.0
11999,metrics/sr_mean,0.0
11999,metrics/spl,0.0
11999,metrics/spl_mean,0.0
11999,metrics/softspl,0.07847086736120554
11999,metrics/softspl_mean,0.07847086736120555
11999,metrics/dtg,5.294967552026113
11999,metrics/dtg_mean,5.294967552026113
11999,goal/chair/sr,0.0
11999,goal/chair/spl,0.0
11999,goal/chair/reward,-4.582130620876889
11999,episode/steps,500
11999,episode/path_length,2.243256750749424
11999,episode/shortest_path,2.6082029342651367
11999,episode/path_ratio,0.8600775351023303
11999,episode_reset,1
11999,action/stop_pct,0.26
11999,action/forward_pct,0.274
11999,action/left_pct,0.224
11999,action/right_pct,0.242
12007,latent/posterior_entropy,1.958742380142212
12007,latent/prior_entropy,2.06953501701355
12007,loss/barlow,104.61880493164062
12007,loss/con,0.0049810949712991714
12007,loss/dyn,3.1847450733184814
12007,loss/policy,-0.18535245954990387
12007,loss/rep,3.1847450733184814
12007,loss/repval,2.0556981563568115
12007,loss/rew,0.37896862626075745
12007,loss/value,1.2142306566238403
12007,nan_skipped,0.0
12007,opt_loss,10.763696670532227
12007,params/encoder_l2,55.48887252807617
12007,total_loss,10.763696670532227
12007,perf/fps_cumulative,12.807021811239302
12007,perf/fps_interval,14.926849663799606
12007,perf/ms_per_step_interval,66.99337251484394
12255,latent/posterior_entropy,1.953500747680664
12255,latent/prior_entropy,2.0771749019622803
12255,loss/barlow,95.61219787597656
12255,loss/con,0.027316778898239136
12255,loss/dyn,3.2857041358947754
12255,loss/policy,-0.1666514128446579
12255,loss/rep,3.2857041358947754
12255,loss/repval,2.1252989768981934
12255,loss/rew,0.3394505977630615
12255,loss/value,1.129749059677124
12255,nan_skipped,0.0
12255,opt_loss,10.36233901977539
12255,params/encoder_l2,55.490726470947266
12255,total_loss,10.36233901977539
12255,perf/fps_cumulative,12.845693536389776
12255,perf/fps_interval,15.04542018916786
12255,perf/ms_per_step_interval,66.46540857130482
12499,episode/count,25
12499,episode/goal,chair
12499,episode/scene,j2EJhFEQGCL
12499,episode/reward,-4.790836095809879
12499,episode/success,0.0
12499,episode/spl,0.0
12499,episode/softspl,0.07899717102176118
12499,episode/dtg,2.438575267791748
12499,metrics/sr_last,0.0
12499,metrics/reward,-4.5904788398742085
12499,metrics/reward_mean,-4.5904788398742085
12499,metrics/sr,0.0
12499,metrics/sr_mean,0.0
12499,metrics/spl,0.0
12499,metrics/spl_mean,0.0
12499,metrics/softspl,0.07849191950762777
12499,metrics/softspl_mean,0.07849191950762777
12499,metrics/dtg,5.180711860656738
12499,metrics/dtg_mean,5.180711860656738
12499,goal/chair/sr,0.0
12499,goal/chair/spl,0.0
12499,goal/chair/reward,-4.5904788398742085
12499,episode/steps,500
12499,episode/path_length,0.3270072788000107
12499,episode/shortest_path,2.6477391719818115
12499,episode/path_ratio,0.1235043399517515
12499,episode_reset,1
12499,action/stop_pct,0.268
12499,action/forward_pct,0.226
12499,action/left_pct,0.244
12499,action/right_pct,0.262
12503,latent/posterior_entropy,1.9315884113311768
12503,latent/prior_entropy,2.0445992946624756
12503,loss/barlow,95.48937225341797
12503,loss/con,0.002677920740097761
12503,loss/dyn,3.027974843978882
12503,loss/policy,-0.1662539392709732
12503,loss/rep,3.027974843978882
12503,loss/repval,2.0218279361724854
12503,loss/rew,0.33122706413269043
12503,loss/value,1.0657867193222046
12503,nan_skipped,0.0
12503,opt_loss,9.94522762298584
12503,params/encoder_l2,55.49320602416992
12503,total_loss,9.94522762298584
12503,perf/fps_cumulative,12.88219447699547
12503,perf/fps_interval,14.986697264757725
12503,perf/ms_per_step_interval,66.72584241436374
12751,latent/posterior_entropy,1.9316743612289429
12751,latent/prior_entropy,2.0372707843780518
12751,loss/barlow,92.95405578613281
12751,loss/con,0.006225413642823696
12751,loss/dyn,2.959930181503296
12751,loss/policy,-0.17141172289848328
12751,loss/rep,2.959930181503296
12751,loss/repval,2.1521403789520264
12751,loss/rew,0.3473871946334839
12751,loss/value,0.9562490582466125
12751,nan_skipped,0.0
12751,opt_loss,9.687718391418457
12751,params/encoder_l2,55.495582580566406
12751,total_loss,9.687718391418457
12751,perf/fps_cumulative,12.918185857802072
12751,perf/fps_interval,15.036286169811369
12751,perf/ms_per_step_interval,66.50578398858347
12999,episode/count,26
12999,episode/goal,chair
12999,episode/scene,j2EJhFEQGCL
12999,episode/reward,-6.347672462463287
12999,episode/success,0.0
12999,episode/spl,0.0
12999,episode/softspl,0.0
12999,episode/dtg,6.026668071746826
12999,metrics/sr_last,0.0
12999,metrics/reward,-4.658063209973789
12999,metrics/reward_mean,-4.658063209973789
12999,metrics/sr,0.0
12999,metrics/sr_mean,0.0
12999,metrics/spl,0.0
12999,metrics/spl_mean,0.0
12999,metrics/softspl,0.07547299952656515
12999,metrics/softspl_mean,0.07547299952656517
12999,metrics/dtg,5.213248638006357
12999,metrics/dtg_mean,5.213248638006357
12999,goal/chair/sr,0.0
12999,goal/chair/spl,0.0
12999,goal/chair/reward,-4.658063209973789
12999,episode/steps,500
12999,episode/path_length,1.6824779212474823
12999,episode/shortest_path,4.678995609283447
12999,episode/path_ratio,0.3595810002277692
12999,episode_reset,1
12999,action/stop_pct,0.234
12999,action/forward_pct,0.266
12999,action/left_pct,0.236
12999,action/right_pct,0.264
13007,latent/posterior_entropy,1.9359114170074463
13007,latent/prior_entropy,2.0382909774780273
13007,loss/barlow,98.4105224609375
13007,loss/con,0.019773179665207863
13007,loss/dyn,3.0389952659606934
13007,loss/policy,-0.15968748927116394
13007,loss/rep,3.0389952659606934
13007,loss/repval,1.9053376913070679
13007,loss/rew,0.3043350577354431
13007,loss/value,0.9366095662117004
13007,nan_skipped,0.0
13007,opt_loss,9.936052322387695
13007,params/encoder_l2,55.497676849365234
13007,total_loss,9.936052322387695
13007,perf/fps_cumulative,12.9535694944675
13007,perf/fps_interval,15.00018299314848
13007,perf/ms_per_step_interval,66.66585337370634
13255,latent/posterior_entropy,1.9237918853759766
13255,latent/prior_entropy,2.030362606048584
13255,loss/barlow,89.84134674072266
13255,loss/con,0.006863867864012718
13255,loss/dyn,3.2376484870910645
13255,loss/policy,-0.1709902584552765
13255,loss/rep,3.2376484870910645
13255,loss/repval,1.7173569202423096
13255,loss/rew,0.2940194010734558
13255,loss/value,0.8795822262763977
13255,nan_skipped,0.0
13255,opt_loss,9.578163146972656
13255,params/encoder_l2,55.50045394897461
13255,total_loss,9.578163146972656
13255,perf/fps_cumulative,12.987060526759903
13255,perf/fps_interval,15.024571828095265
13255,perf/ms_per_step_interval,66.55763714544234
13499,episode/count,27
13499,episode/goal,chair
13499,episode/scene,j2EJhFEQGCL
13499,episode/reward,-5.390286445617605
13499,episode/success,0.0
13499,episode/spl,0.0
13499,episode/softspl,0.0
13499,episode/dtg,11.598217010498047
13499,metrics/sr_last,0.0
13499,metrics/reward,-4.685182589071708
13499,metrics/reward_mean,-4.685182589071708
13499,metrics/sr,0.0
13499,metrics/sr_mean,0.0
13499,metrics/spl,0.0
13499,metrics/spl_mean,0.0
13499,metrics/softspl,0.07267770324780348
13499,metrics/softspl_mean,0.0726777032478035
13499,metrics/dtg,5.449728948098642
13499,metrics/dtg_mean,5.449728948098642
13499,goal/chair/sr,0.0
13499,goal/chair/spl,0.0
13499,goal/chair/reward,-4.685182589071708
13499,episode/steps,500
13499,episode/path_length,0.5525698363780975
13499,episode/shortest_path,11.207930564880371
13499,episode/path_ratio,0.049301682695069
13499,episode_reset,1
13499,action/stop_pct,0.24
13499,action/forward_pct,0.26
13499,action/left_pct,0.228
13499,action/right_pct,0.272
13503,latent/posterior_entropy,1.8913055658340454
13503,latent/prior_entropy,1.992724895477295
13503,loss/barlow,91.81268310546875
13503,loss/con,0.01632019877433777
13503,loss/dyn,3.061501979827881
13503,loss/policy,-0.15512506663799286
13503,loss/rep,3.061501979827881
13503,loss/repval,1.812572956085205
13503,loss/rew,0.3720451593399048
13503,loss/value,0.7935006618499756
13503,nan_skipped,0.0
13503,opt_loss,9.528800010681152
13503,params/encoder_l2,55.50271224975586
13503,total_loss,9.528800010681152
13503,perf/fps_cumulative,13.019955370915293
13503,perf/fps_interval,15.058713218661623
13503,perf/ms_per_step_interval,66.40673645081058
13751,latent/posterior_entropy,1.8766988515853882
13751,latent/prior_entropy,1.984336018562317
13751,loss/barlow,87.59941864013672
13751,loss/con,0.004331476520746946
13751,loss/dyn,2.933999538421631
13751,loss/policy,-0.11854401230812073
13751,loss/rep,2.933999538421631
13751,loss/repval,1.3339532613754272
13751,loss/rew,0.281882643699646
13751,loss/value,0.871665358543396
13751,nan_skipped,0.0
13751,opt_loss,9.046891212463379
13751,params/encoder_l2,55.50556182861328
13751,total_loss,9.046891212463379
13751,perf/fps_cumulative,13.049958623184786
13751,perf/fps_interval,14.922400168477978
13751,perf/ms_per_step_interval,67.01334830253354
13999,episode/count,28
13999,episode/goal,chair
13999,episode/scene,j2EJhFEQGCL
13999,episode/reward,0.33828735351566785
13999,episode/success,0.0
13999,episode/spl,0.0
13999,episode/softspl,0.33295051399860154
13999,episode/dtg,10.694988250732422
13999,metrics/sr_last,0.0
13999,metrics/reward,-4.505772948265016
13999,metrics/reward_mean,-4.505772948265016
13999,metrics/sr,0.0
13999,metrics/sr_mean,0.0
13999,metrics/spl,0.0
13999,metrics/spl_mean,0.0
13999,metrics/softspl,0.08197316077461769
13999,metrics/softspl_mean,0.0819731607746177
13999,metrics/dtg,5.63705963747842
13999,metrics/dtg_mean,5.63705963747842
13999,goal/chair/sr,0.0
13999,goal/chair/spl,0.0
13999,goal/chair/reward,-4.505772948265016
13999,episode/steps,500
13999,episode/path_length,7.57229060678219
13999,episode/shortest_path,16.033275604248047
13999,episode/path_ratio,0.4722859379262399
13999,episode_reset,1
13999,action/stop_pct,0.262
13999,action/forward_pct,0.246
13999,action/left_pct,0.242
13999,action/right_pct,0.25
14007,latent/posterior_entropy,1.8708019256591797
14007,latent/prior_entropy,1.993835210800171
14007,loss/barlow,94.96211242675781
14007,loss/con,0.02122780680656433
14007,loss/dyn,3.195296287536621
14007,loss/policy,-0.17669528722763062
14007,loss/rep,3.195296287536621
14007,loss/repval,1.837239384651184
14007,loss/rew,0.3592087924480438
14007,loss/value,0.8557599782943726
14007,nan_skipped,0.0
14007,opt_loss,9.873605728149414
14007,params/encoder_l2,55.5078125
14007,total_loss,9.873605728149414
14007,perf/fps_cumulative,13.082687067515849
14007,perf/fps_interval,15.119654001667449
14007,perf/ms_per_step_interval,66.13907963037491
14255,latent/posterior_entropy,1.8498010635375977
14255,latent/prior_entropy,1.9455945491790771
14255,loss/barlow,88.40640258789062
14255,loss/con,0.00902684684842825
14255,loss/dyn,2.7003965377807617
14255,loss/policy,-0.14126084744930267
14255,loss/rep,2.7003965377807617
14255,loss/repval,1.6807854175567627
14255,loss/rew,0.3330305516719818
14255,loss/value,1.058367371559143
14255,nan_skipped,0.0
14255,opt_loss,9.154155731201172
14255,params/encoder_l2,55.510074615478516
14255,total_loss,9.154155731201172
14255,perf/fps_cumulative,13.111895716048226
14255,perf/fps_interval,15.004004727314054
14255,perf/ms_per_step_interval,66.6488726292887
14499,episode/count,29
14499,episode/goal,chair
14499,episode/scene,j2EJhFEQGCL
14499,episode/reward,-5.252498626708917
14499,episode/success,0.0
14499,episode/spl,0.0
14499,episode/softspl,0.0
14499,episode/dtg,5.50478458404541
14499,metrics/sr_last,0.0
14499,metrics/reward,-4.531522109590668
14499,metrics/reward_mean,-4.531522109590668
14499,metrics/sr,0.0
14499,metrics/sr_mean,0.0
14499,metrics/spl,0.0
14499,metrics/spl_mean,0.0
14499,metrics/softspl,0.07914650005825156
14499,metrics/softspl_mean,0.07914650005825158
14499,metrics/dtg,5.632498428739351
14499,metrics/dtg_mean,5.632498428739351
14499,goal/chair/sr,0.0
14499,goal/chair/spl,0.0
14499,goal/chair/reward,-4.531522109590668
14499,episode/steps,500
14499,episode/path_length,0.5215678885579109
14499,episode/shortest_path,5.252285957336426
14499,episode/path_ratio,0.09930302591948209
14499,episode_reset,1
14499,action/stop_pct,0.262
14499,action/forward_pct,0.24
14499,action/left_pct,0.248
14499,action/right_pct,0.25
14503,latent/posterior_entropy,1.8811439275741577
14503,latent/prior_entropy,1.973905324935913
14503,loss/barlow,91.41035461425781
14503,loss/con,0.01800280064344406
14503,loss/dyn,2.8735740184783936
14503,loss/policy,-0.16796864569187164
14503,loss/rep,2.8735740184783936
14503,loss/repval,2.104870557785034
14503,loss/rew,0.4073728322982788
14503,loss/value,1.0945961475372314
14503,nan_skipped,0.0
14503,opt_loss,9.714912414550781
14503,params/encoder_l2,55.51258850097656
14503,total_loss,9.714912414550781
14503,perf/fps_cumulative,13.137864700363052
14503,perf/fps_interval,14.825790460666923
14503,perf/ms_per_step_interval,67.45002923473236
14751,latent/posterior_entropy,1.8621954917907715
14751,latent/prior_entropy,1.9580069780349731
14751,loss/barlow,89.79019165039062
14751,loss/con,0.010429264977574348
14751,loss/dyn,3.2142529487609863
14751,loss/policy,-0.15648788213729858
14751,loss/rep,3.2142529487609863
14751,loss/repval,1.8596969842910767
14751,loss/rew,0.39653363823890686
14751,loss/value,1.1001249551773071
14751,nan_skipped,0.0
14751,opt_loss,9.933697700500488
14751,params/encoder_l2,55.514671325683594
14751,total_loss,9.933697700500488
14751,perf/fps_cumulative,13.1652769169009
14751,perf/fps_interval,14.995079573560831
14751,perf/ms_per_step_interval,66.68854240448245
14999,episode/count,30
14999,episode/goal,chair
14999,episode/scene,j2EJhFEQGCL
14999,episode/reward,-4.207567632198289
14999,episode/success,0.0
14999,episode/spl,0.0
14999,episode/softspl,0.4827975964287209
14999,episode/dtg,0.84890216588974
14999,metrics/sr_last,0.0
14999,metrics/reward,-4.520723627010922
14999,metrics/reward_mean,-4.520723627010922
14999,metrics/sr,0.0
14999,metrics/sr_mean,0.0
14999,metrics/spl,0.0
14999,metrics/spl_mean,0.0
14999,metrics/softspl,0.09260153660393387
14999,metrics/softspl_mean,0.09260153660393389
14999,metrics/dtg,5.473045219977696
14999,metrics/dtg_mean,5.473045219977696
14999,goal/chair/sr,0.0
14999,goal/chair/spl,0.0
14999,goal/chair/reward,-4.520723627010922
14999,episode/steps,500
14999,episode/path_length,1.331693097949028
14999,episode/shortest_path,1.6413345336914062
14999,episode/path_ratio,0.8113477603825308
14999,episode_reset,1
14999,action/stop_pct,0.226
14999,action/forward_pct,0.232
14999,action/left_pct,0.276
14999,action/right_pct,0.266
15007,latent/posterior_entropy,1.8571686744689941
15007,latent/prior_entropy,1.9600780010223389
15007,loss/barlow,88.73507690429688
15007,loss/con,0.0173044316470623
15007,loss/dyn,3.1030449867248535
15007,loss/policy,-0.14306725561618805
15007,loss/rep,3.1030449867248535
15007,loss/repval,1.7522203922271729
15007,loss/rew,0.34811657667160034
15007,loss/value,1.2602391242980957
15007,nan_skipped,0.0
15007,opt_loss,9.858363151550293
15007,params/encoder_l2,55.516719818115234
15007,total_loss,9.858363151550293
15007,perf/fps_cumulative,13.19192551076994
15007,perf/fps_interval,14.933839548104068
15007,perf/ms_per_step_interval,66.96201581507921
15255,latent/posterior_entropy,1.8528618812561035
15255,latent/prior_entropy,1.95760178565979
15255,loss/barlow,89.4870834350586
15255,loss/con,0.012274323031306267
15255,loss/dyn,3.3029398918151855
15255,loss/policy,-0.13759197294712067
15255,loss/rep,3.3029398918151855
15255,loss/repval,1.6241552829742432
15255,loss/rew,0.2805303633213043
15255,loss/value,1.2061887979507446
15255,nan_skipped,0.0
15255,opt_loss,9.956235885620117
15255,params/encoder_l2,55.51919937133789
15255,total_loss,9.956235885620117
15255,perf/fps_cumulative,13.218422351157697
15255,perf/fps_interval,15.047448455173791
15255,perf/ms_per_step_interval,66.45644960864898
15499,episode/count,31
15499,episode/goal,chair
15499,episode/scene,j2EJhFEQGCL
15499,episode/reward,-4.38170623779292
15499,episode/success,0.0
15499,episode/spl,0.0
15499,episode/softspl,0.06648356702413927
15499,episode/dtg,8.681654930114746
15499,metrics/sr_last,0.0
15499,metrics/reward,-4.516239195100663
15499,metrics/reward_mean,-4.516239195100663
15499,metrics/sr,0.0
15499,metrics/sr_mean,0.0
15499,metrics/spl,0.0
15499,metrics/spl_mean,0.0
15499,metrics/softspl,0.09175902145619856
15499,metrics/softspl_mean,0.09175902145619859
15499,metrics/dtg,5.576548759014376
15499,metrics/dtg_mean,5.576548759014376
15499,goal/chair/sr,0.0
15499,goal/chair/spl,0.0
15499,goal/chair/reward,-4.516239195100663
15499,episode/steps,500
15499,episode/path_length,4.304506331682205
15499,episode/shortest_path,9.299948692321777
15499,episode/path_ratio,0.46285269672897134
15499,episode_reset,1
15499,action/stop_pct,0.288
15499,action/forward_pct,0.246
15499,action/left_pct,0.23
15499,action/right_pct,0.236
15503,latent/posterior_entropy,1.8343605995178223
15503,latent/prior_entropy,1.9241446256637573
15503,loss/barlow,86.12928771972656
15503,loss/con,0.0008424054831266403
15503,loss/dyn,3.113809108734131
15503,loss/policy,-0.18151743710041046
15503,loss/rep,3.113809108734131
15503,loss/repval,1.5841304063796997
15503,loss/rew,0.27972424030303955
15503,loss/value,1.3425729274749756
15503,nan_skipped,0.0
15503,opt_loss,9.648515701293945
15503,params/encoder_l2,55.521663665771484
15503,total_loss,9.648515701293945
15503,perf/fps_cumulative,13.244524979816259
15503,perf/fps_interval,15.07589799351598
15503,perf/ms_per_step_interval,66.33104047467631
15751,latent/posterior_entropy,1.8270061016082764
15751,latent/prior_entropy,1.9168648719787598
15751,loss/barlow,86.26659393310547
15751,loss/con,0.0111567173153162
15751,loss/dyn,3.0475010871887207
15751,loss/policy,-0.16206544637680054
15751,loss/rep,3.0475010871887207
15751,loss/repval,1.7691861391067505
15751,loss/rew,0.30505746603012085
15751,loss/value,1.3441821336746216
15751,nan_skipped,0.0
15751,opt_loss,9.69466781616211
15751,params/encoder_l2,55.52367401123047
15751,total_loss,9.69466781616211
15751,perf/fps_cumulative,13.268031433849597
15751,perf/fps_interval,14.923896916315652
15751,perf/ms_per_step_interval,67.0066273981525
15999,episode/count,32
15999,episode/goal,chair
15999,episode/scene,j2EJhFEQGCL
15999,episode/reward,-5.117129802703793
15999,episode/success,0.0
15999,episode/spl,0.0
15999,episode/softspl,0.0
15999,episode/dtg,4.965212345123291
15999,metrics/sr_last,0.0
15999,metrics/reward,-4.535017026588261
15999,metrics/reward_mean,-4.535017026588261
15999,metrics/sr,0.0
15999,metrics/sr_mean,0.0
15999,metrics/spl,0.0
15999,metrics/spl_mean,0.0
15999,metrics/softspl,0.08889155203569236
15999,metrics/softspl_mean,0.08889155203569238
15999,metrics/dtg,5.557444496080279
15999,metrics/dtg_mean,5.557444496080279
15999,goal/chair/sr,0.0
15999,goal/chair/spl,0.0
15999,goal/chair/reward,-4.535017026588261
15999,episode/steps,500
15999,episode/path_length,0.4701889455318451
15999,episode/shortest_path,4.848082542419434
15999,episode/path_ratio,0.09698451736698309
15999,episode_reset,1
15999,action/stop_pct,0.244
15999,action/forward_pct,0.216
15999,action/left_pct,0.298
15999,action/right_pct,0.242
16007,latent/posterior_entropy,1.809540867805481
16007,latent/prior_entropy,1.9071052074432373
16007,loss/barlow,85.6343994140625
16007,loss/con,0.009266091510653496
16007,loss/dyn,3.131410598754883
16007,loss/policy,-0.12591376900672913
16007,loss/rep,3.131410598754883
16007,loss/repval,1.6796321868896484
16007,loss/rew,0.29628974199295044
16007,loss/value,1.3341279029846191
16007,nan_skipped,0.0
16007,opt_loss,9.743931770324707
16007,params/encoder_l2,55.52626037597656
16007,total_loss,9.743931770324707
16007,perf/fps_cumulative,13.290855679660108
16007,perf/fps_interval,14.864213959706689
16007,perf/ms_per_step_interval,67.27567315101624
16255,latent/posterior_entropy,1.793365716934204
16255,latent/prior_entropy,1.9119157791137695
16255,loss/barlow,85.0904541015625
16255,loss/con,0.00638563372194767
16255,loss/dyn,2.9249229431152344
16255,loss/policy,-0.17480577528476715
16255,loss/rep,2.9249229431152344
16255,loss/repval,1.6671417951583862
16255,loss/rew,0.3130969703197479
16255,loss/value,1.3008291721343994
16255,nan_skipped,0.0
16255,opt_loss,9.417587280273438
16255,params/encoder_l2,55.52857971191406
16255,total_loss,9.417587280273438
16255,perf/fps_cumulative,13.311006491015146
16255,perf/fps_interval,14.754996177158558
16255,perf/ms_per_step_interval,67.77365361490557
16499,episode/count,33
16499,episode/goal,chair
16499,episode/scene,j2EJhFEQGCL
16499,episode/reward,-4.180699348449663
16499,episode/success,0.0
16499,episode/spl,0.0
16499,episode/softspl,0.14179635108757982
16499,episode/dtg,4.958708763122559
16499,metrics/sr_last,0.0
16499,metrics/reward,-4.524280127250727
16499,metrics/reward_mean,-4.524280127250727
16499,metrics/sr,0.0
16499,metrics/sr_mean,0.0
16499,metrics/spl,0.0
16499,metrics/spl_mean,0.0
16499,metrics/softspl,0.09049472776453743
16499,metrics/softspl_mean,0.09049472776453744
16499,metrics/dtg,5.539300989020955
16499,metrics/dtg_mean,5.539300989020955
16499,goal/chair/sr,0.0
16499,goal/chair/spl,0.0
16499,goal/chair/reward,-4.524280127250727
16499,episode/steps,500
16499,episode/path_length,4.481992304325104
16499,episode/shortest_path,5.778009414672852
16499,episode/path_ratio,0.7756983387641074
16499,episode_reset,1
16499,action/stop_pct,0.228
16499,action/forward_pct,0.25
16499,action/left_pct,0.254
16499,action/right_pct,0.268
16503,latent/posterior_entropy,1.7845593690872192
16503,latent/prior_entropy,1.8825277090072632
16503,loss/barlow,84.33427429199219
16503,loss/con,0.01032491959631443
16503,loss/dyn,2.816927433013916
16503,loss/policy,-0.16644860804080963
16503,loss/rep,2.816927433013916
16503,loss/repval,1.6645326614379883
16503,loss/rew,0.27417638897895813
16503,loss/value,1.2401607036590576
16503,nan_skipped,0.0
16503,opt_loss,9.172907829284668
16503,params/encoder_l2,55.53049087524414
16503,total_loss,9.172907829284668
16503,perf/fps_cumulative,13.331238309580483
16503,perf/fps_interval,14.806384490168382
16503,perf/ms_per_step_interval,67.53843253658664
16751,latent/posterior_entropy,1.7662158012390137
16751,latent/prior_entropy,1.857391595840454
16751,loss/barlow,83.48731994628906
16751,loss/con,0.010199769400060177
16751,loss/dyn,3.10748291015625
16751,loss/policy,-0.17163173854351044
16751,loss/rep,3.10748291015625
16751,loss/repval,1.9079407453536987
16751,loss/rew,0.3219852149486542
16751,loss/value,1.1699117422103882
16751,nan_skipped,0.0
16751,opt_loss,9.495443344116211
16751,params/encoder_l2,55.53239822387695
16751,total_loss,9.495443344116211
16751,perf/fps_cumulative,13.350615326045709
16751,perf/fps_interval,14.780288840638676
16751,perf/ms_per_step_interval,67.657676435286
16999,episode/count,34
16999,episode/goal,chair
16999,episode/scene,j2EJhFEQGCL
16999,episode/reward,0.04769420623784147
16999,episode/success,0.0
16999,episode/spl,0.0
16999,episode/softspl,0.30097876694085324
16999,episode/dtg,11.723237037658691
16999,metrics/sr_last,0.0
16999,metrics/reward,-4.389810293912828
16999,metrics/reward_mean,-4.389810293912828
16999,metrics/sr,0.0
16999,metrics/sr_mean,0.0
16999,metrics/spl,0.0
16999,metrics/spl_mean,0.0
16999,metrics/softspl,0.09668543479913495
16999,metrics/softspl_mean,0.09668543479913497
16999,metrics/dtg,5.721181461039712
16999,metrics/dtg_mean,5.721181461039712
16999,goal/chair/sr,0.0
16999,goal/chair/spl,0.0
16999,goal/chair/reward,-4.389810293912828
16999,episode/steps,500
16999,episode/path_length,10.63221569268967
16999,episode/shortest_path,16.770931243896484
16999,episode/path_ratio,0.6339669239630982
16999,episode_reset,1
16999,action/stop_pct,0.226
16999,action/forward_pct,0.274
16999,action/left_pct,0.24
16999,action/right_pct,0.26
17007,latent/posterior_entropy,1.7682502269744873
17007,latent/prior_entropy,1.8758714199066162
17007,loss/barlow,74.4560317993164
17007,loss/con,0.011361606419086456
17007,loss/dyn,2.9689321517944336
17007,loss/policy,-0.13704532384872437
17007,loss/rep,2.9689321517944336
17007,loss/repval,1.771112322807312
17007,loss/rew,0.3051353991031647
17007,loss/value,1.2028343677520752
17007,nan_skipped,0.0
17007,opt_loss,8.902246475219727
17007,params/encoder_l2,55.53450393676758
17007,total_loss,8.902246475219727
17007,perf/fps_cumulative,13.37133912523272
17007,perf/fps_interval,14.883119721918694
17007,perf/ms_per_step_interval,67.19021406024694
17255,latent/posterior_entropy,1.7770776748657227
17255,latent/prior_entropy,1.8757151365280151
17255,loss/barlow,82.578857421875
17255,loss/con,0.016992203891277313
17255,loss/dyn,3.318664073944092
17255,loss/policy,-0.10244452208280563
17255,loss/rep,3.318664073944092
17255,loss/repval,1.8172874450683594
17255,loss/rew,0.33514177799224854
17255,loss/value,1.174369215965271
17255,nan_skipped,0.0
17255,opt_loss,9.74871826171875
17255,params/encoder_l2,55.53689956665039
17255,total_loss,9.74871826171875
17255,perf/fps_cumulative,13.391358123929214
17255,perf/fps_interval,14.923660105719387
17255,perf/ms_per_step_interval,67.00769066810608
17499,episode/count,35
17499,episode/goal,chair
17499,episode/scene,j2EJhFEQGCL
17499,episode/reward,-5.00305032730096
17499,episode/success,0.0
17499,episode/spl,0.0
17499,episode/softspl,0.0
17499,episode/dtg,5.83942985534668
17499,metrics/sr_last,0.0
17499,metrics/reward,-4.407331437723918
17499,metrics/reward_mean,-4.407331437723918
17499,metrics/sr,0.0
17499,metrics/sr_mean,0.0
17499,metrics/spl,0.0
17499,metrics/spl_mean,0.0
17499,metrics/softspl,0.09392299380487396
17499,metrics/softspl_mean,0.09392299380487397
17499,metrics/dtg,5.7245599865913395
17499,metrics/dtg_mean,5.7245599865913395
17499,goal/chair/sr,0.0
17499,goal/chair/spl,0.0
17499,goal/chair/reward,-4.407331437723918
17499,episode/steps,500
17499,episode/path_length,3.2289127111434937
17499,episode/shortest_path,5.836379528045654
17499,episode/path_ratio,0.5532389892788062
17499,episode_reset,1
17499,action/stop_pct,0.262
17499,action/forward_pct,0.22
17499,action/left_pct,0.274
17499,action/right_pct,0.244
17503,latent/posterior_entropy,1.7388345003128052
17503,latent/prior_entropy,1.8487908840179443
17503,loss/barlow,77.08921813964844
17503,loss/con,0.006338121369481087
17503,loss/dyn,3.081916332244873
17503,loss/policy,-0.12517490983009338
17503,loss/rep,3.081916332244873
17503,loss/repval,1.8978008031845093
17503,loss/rew,0.33403337001800537
17503,loss/value,1.2521350383758545
17503,nan_skipped,0.0
17503,opt_loss,9.281241416931152
17503,params/encoder_l2,55.54008102416992
17503,total_loss,9.281241416931152
17503,perf/fps_cumulative,13.40891786165181
17503,perf/fps_interval,14.755168850641114
17503,perf/ms_per_step_interval,67.77286048858396
17751,latent/posterior_entropy,1.7413928508758545
17751,latent/prior_entropy,1.8690401315689087
17751,loss/barlow,80.02799987792969
17751,loss/con,0.023373890668153763
17751,loss/dyn,3.340932846069336
17751,loss/policy,-0.1745627522468567
17751,loss/rep,3.340932846069336
17751,loss/repval,2.07295823097229
17751,loss/rew,0.3556057810783386
17751,loss/value,0.8508676290512085
17751,nan_skipped,0.0
17751,opt_loss,9.353597640991211
17751,params/encoder_l2,55.54298782348633
17751,total_loss,9.353597640991211
17751,perf/fps_cumulative,13.42798623119245
17751,perf/fps_interval,14.926126858750063
17751,perf/ms_per_step_interval,66.99661670192594
17999,episode/count,36
17999,episode/goal,chair
17999,episode/scene,j2EJhFEQGCL
17999,episode/reward,-5.176858901977473
17999,episode/success,0.0
17999,episode/spl,0.0
17999,episode/softspl,0.0
17999,episode/dtg,9.377846717834473
17999,metrics/sr_last,0.0
17999,metrics/reward,-4.428707200619851
17999,metrics/reward_mean,-4.428707200619851
17999,metrics/sr,0.0
17999,metrics/sr_mean,0.0
17999,metrics/spl,0.0
17999,metrics/spl_mean,0.0
17999,metrics/softspl,0.09131402175473857
17999,metrics/softspl_mean,0.09131402175473859
17999,metrics/dtg,5.826040173570315
17999,metrics/dtg_mean,5.826040173570315
17999,goal/chair/sr,0.0
17999,goal/chair/spl,0.0
17999,goal/chair/reward,-4.428707200619851
17999,episode/steps,500
17999,episode/path_length,1.6994648203253746
17999,episode/shortest_path,9.200987815856934
17999,episode/path_ratio,0.18470460502040073
17999,episode_reset,1
17999,action/stop_pct,0.232
17999,action/forward_pct,0.25
17999,action/left_pct,0.222
17999,action/right_pct,0.296
18007,latent/posterior_entropy,1.7591193914413452
18007,latent/prior_entropy,1.854345679283142
18007,loss/barlow,80.80301666259766
18007,loss/con,0.007518152240663767
18007,loss/dyn,3.1035046577453613
18007,loss/policy,-0.08426523953676224
18007,loss/rep,3.1035046577453613
18007,loss/repval,1.4406780004501343
18007,loss/rew,0.2913087010383606
18007,loss/value,1.216127634048462
18007,nan_skipped,0.0
18007,opt_loss,9.316899299621582
18007,params/encoder_l2,55.545997619628906
18007,total_loss,9.316899299621582
18007,perf/fps_cumulative,13.44639325476754
18007,perf/fps_interval,14.858814229227134
18007,perf/ms_per_step_interval,67.30012129992247
18043,episode/count,37
18043,episode/goal,chair
18043,episode/scene,j2EJhFEQGCL
18043,episode/reward,10.603157890439034
18043,episode/success,1.0
18043,episode/spl,0.5225405473550125
18043,episode/softspl,0.4406305544286907
18043,episode/dtg,0.19391541182994843
18043,metrics/sr_last,1.0
18043,metrics/reward,-4.022440576537178
18043,metrics/reward_mean,-4.022440576537178
18043,metrics/sr,0.02702702702702703
18043,metrics/sr_mean,0.02702702702702703
18043,metrics/spl,0.01412271749608142
18043,metrics/spl_mean,0.01412271749608142
18043,metrics/softspl,0.10075500912430484
18043,metrics/softspl_mean,0.10075500912430485
18043,metrics/dtg,5.67382058541517
18043,metrics/dtg_mean,5.67382058541517
18043,goal/chair/sr,0.02702702702702703
18043,goal/chair/spl,0.01412271749608142
18043,goal/chair/reward,-4.022440576537178
18043,episode/steps,44
18043,episode/path_length,2.3674206882715225
18043,episode/shortest_path,1.237073302268982
18043,episode/path_ratio,1.913727087901186
18043,episode_reset,1
18043,action/stop_pct,0.18181818181818182
18043,action/forward_pct,0.20454545454545456
18043,action/left_pct,0.38636363636363635
18043,action/right_pct,0.22727272727272727
18255,latent/posterior_entropy,1.7067861557006836
18255,latent/prior_entropy,1.8263376951217651
18255,loss/barlow,84.22089385986328
18255,loss/con,0.00640054140239954
18255,loss/dyn,3.212925434112549
18255,loss/policy,-0.15132670104503632
18255,loss/rep,3.212925434112549
18255,loss/repval,1.6077449321746826
18255,loss/rew,0.326837956905365
18255,loss/value,0.8860854506492615
18255,nan_skipped,0.0
18255,opt_loss,9.29558277130127
18255,params/encoder_l2,55.5484733581543
18255,total_loss,9.29558277130127
18255,perf/fps_cumulative,13.46243759710983
18255,perf/fps_interval,14.739501754024802
18255,perf/ms_per_step_interval,67.84489846998646
18503,latent/posterior_entropy,1.7218093872070312
18503,latent/prior_entropy,1.8342828750610352
18503,loss/barlow,81.83033752441406
18503,loss/con,0.002178210997954011
18503,loss/dyn,3.074699640274048
18503,loss/policy,-0.17574040591716766
18503,loss/rep,3.074699640274048
18503,loss/repval,1.4565207958221436
18503,loss/rew,0.3249727785587311
18503,loss/value,0.8420220613479614
18503,nan_skipped,0.0
18503,opt_loss,8.904075622558594
18503,params/encoder_l2,55.551048278808594
18503,total_loss,8.904075622558594
18503,perf/fps_cumulative,13.483110553594198
18503,perf/fps_interval,15.201489652975248
18503,perf/ms_per_step_interval,65.78302671832422
18543,episode/count,38
18543,episode/goal,chair
18543,episode/scene,j2EJhFEQGCL
18543,episode/reward,-5.029009819030699
18543,episode/success,0.0
18543,episode/spl,0.0
18543,episode/softspl,0.0
18543,episode/dtg,10.5871000289917
18543,metrics/sr_last,0.0
18543,metrics/reward,-4.048929240813323
18543,metrics/reward_mean,-4.048929240813323
18543,metrics/sr,0.02631578947368421
18543,metrics/sr_mean,0.02631578947368421
18543,metrics/spl,0.013751067035658225
18543,metrics/spl_mean,0.013751067035658225
18543,metrics/softspl,0.0981035615157705
18543,metrics/softspl_mean,0.09810356151577052
18543,metrics/dtg,5.80311741287771
18543,metrics/dtg_mean,5.80311741287771
18543,goal/chair/sr,0.02631578947368421
18543,goal/chair/spl,0.013751067035658225
18543,goal/chair/reward,-4.048929240813323
18543,episode/steps,500
18543,episode/path_length,0.1439758501946926
18543,episode/shortest_path,10.558090209960938
18543,episode/path_ratio,0.013636542909896703
18543,episode_reset,1
18543,action/stop_pct,0.26
18543,action/forward_pct,0.264
18543,action/left_pct,0.216
18543,action/right_pct,0.26
18751,latent/posterior_entropy,1.6906965970993042
18751,latent/prior_entropy,1.8108617067337036
18751,loss/barlow,75.804931640625
18751,loss/con,0.017353933304548264
18751,loss/dyn,2.6610865592956543
18751,loss/policy,-0.1684771627187729
18751,loss/rep,2.6610865592956543
18751,loss/repval,1.5280073881149292
18751,loss/rew,0.26039358973503113
18751,loss/value,0.7406435608863831
18751,nan_skipped,0.0
18751,opt_loss,8.025758743286133
18751,params/encoder_l2,55.553672790527344
18751,total_loss,8.025758743286133
18751,perf/fps_cumulative,13.49926117143842
18751,perf/fps_interval,14.824161213011314
18751,perf/ms_per_step_interval,67.45744232208499
19007,latent/posterior_entropy,1.681506872177124
19007,latent/prior_entropy,1.7810503244400024
19007,loss/barlow,74.76091003417969
19007,loss/con,0.0005575399263761938
19007,loss/dyn,2.784456968307495
19007,loss/policy,-0.1707375943660736
19007,loss/rep,2.784456968307495
19007,loss/repval,1.359849452972412
19007,loss/rew,0.30688396096229553
19007,loss/value,0.614392876625061
19007,nan_skipped,0.0
19007,opt_loss,7.959999084472656
19007,params/encoder_l2,55.55622482299805
19007,total_loss,7.959999084472656
19007,perf/fps_cumulative,13.518126858569843
19007,perf/fps_interval,15.059788749282278
19007,perf/ms_per_step_interval,66.40199385583401
19043,episode/count,39
19043,episode/goal,chair
19043,episode/scene,j2EJhFEQGCL
19043,episode/reward,-6.237329006195
19043,episode/success,0.0
19043,episode/spl,0.0
19043,episode/softspl,0.0
19043,episode/dtg,6.128373622894287
19043,metrics/sr_last,0.0
19043,metrics/reward,-4.10504205531029
19043,metrics/reward_mean,-4.10504205531029
19043,metrics/sr,0.02564102564102564
19043,metrics/sr_mean,0.02564102564102564
19043,metrics/spl,0.01339847557320545
19043,metrics/spl_mean,0.01339847557320545
19043,metrics/softspl,0.0955880855794687
19043,metrics/softspl_mean,0.09558808557946871
19043,metrics/dtg,5.811457315698648
19043,metrics/dtg_mean,5.811457315698648
19043,goal/chair/sr,0.02564102564102564
19043,goal/chair/spl,0.01339847557320545
19043,goal/chair/reward,-4.10504205531029
19043,episode/steps,500
19043,episode/path_length,8.833672855049372
19043,episode/shortest_path,4.891044616699219
19043,episode/path_ratio,1.8060912437578382
19043,episode_reset,1
19043,action/stop_pct,0.29
19043,action/forward_pct,0.25
19043,action/left_pct,0.244
19043,action/right_pct,0.216
19255,latent/posterior_entropy,1.6957160234451294
19255,latent/prior_entropy,1.802502155303955
19255,loss/barlow,70.8077163696289
19255,loss/con,0.02361484058201313
19255,loss/dyn,3.247314453125
19255,loss/policy,-0.1755274534225464
19255,loss/rep,3.247314453125
19255,loss/repval,1.8421599864959717
19255,loss/rew,0.32911431789398193
19255,loss/value,0.5558140277862549
19255,nan_skipped,0.0
19255,opt_loss,8.398096084594727
19255,params/encoder_l2,55.55850601196289
19255,total_loss,8.398096084594727
19255,perf/fps_cumulative,13.534462391520119
19255,perf/fps_interval,14.915969133750831
19255,perf/ms_per_step_interval,67.0422411734058
19503,latent/posterior_entropy,1.6778815984725952
19503,latent/prior_entropy,1.7795991897583008
19503,loss/barlow,81.7730712890625
19503,loss/con,0.0071319215930998325
19503,loss/dyn,3.090006113052368
19503,loss/policy,-0.19039812684059143
19503,loss/rep,3.090006113052368
19503,loss/repval,1.788353681564331
19503,loss/rew,0.3422984480857849
19503,loss/value,0.7591966390609741
19503,nan_skipped,0.0
19503,opt_loss,8.942395210266113
19503,params/encoder_l2,55.560909271240234
19503,total_loss,8.942395210266113
19503,perf/fps_cumulative,13.553401738786532
19503,perf/fps_interval,15.205513765629878
19503,perf/ms_per_step_interval,65.76561735522363
19543,episode/count,40
19543,episode/goal,chair
19543,episode/scene,j2EJhFEQGCL
19543,episode/reward,-4.941839218139587
19543,episode/success,0.0
19543,episode/spl,0.0
19543,episode/softspl,0.004816801067837662
19543,episode/dtg,12.01640510559082
19543,metrics/sr_last,0.0
19543,metrics/reward,-4.125961984381021
19543,metrics/reward_mean,-4.125961984381022
19543,metrics/sr,0.025
19543,metrics/sr_mean,0.025
19543,metrics/spl,0.013063513683875313
19543,metrics/spl_mean,0.013063513683875313
19543,metrics/softspl,0.09331880346667794
19543,metrics/softspl_mean,0.09331880346667794
19543,metrics/dtg,5.966581010445952
19543,metrics/dtg_mean,5.966581010445952
19543,goal/chair/sr,0.025
19543,goal/chair/spl,0.013063513683875313
19543,goal/chair/reward,-4.125961984381021
19543,episode/steps,500
19543,episode/path_length,0.39860666915774345
19543,episode/shortest_path,12.074565887451172
19543,episode/path_ratio,0.033012091107309
19543,episode_reset,1
19543,action/stop_pct,0.28
19543,action/forward_pct,0.242
19543,action/left_pct,0.21
19543,action/right_pct,0.268
19751,latent/posterior_entropy,1.6848233938217163
19751,latent/prior_entropy,1.8015670776367188
19751,loss/barlow,74.94774627685547
19751,loss/con,0.0059981015510857105
19751,loss/dyn,3.328815460205078
19751,loss/policy,-0.15813586115837097
19751,loss/rep,3.328815460205078
19751,loss/repval,1.8309766054153442
19751,loss/rew,0.3768267035484314
19751,loss/value,0.7430912256240845
19751,nan_skipped,0.0
19751,opt_loss,8.926156997680664
19751,params/encoder_l2,55.563663482666016
19751,total_loss,8.926156997680664
19751,perf/fps_cumulative,13.568390084293558
19751,perf/fps_interval,14.860862905992246
19751,perf/ms_per_step_interval,67.2908434944768
20007,latent/posterior_entropy,1.6921391487121582
20007,latent/prior_entropy,1.8160269260406494
20007,loss/barlow,76.78389739990234
20007,loss/con,0.01755092665553093
20007,loss/dyn,3.122745990753174
20007,loss/policy,-0.16214768588542938
20007,loss/rep,3.122745990753174
20007,loss/repval,1.8292104005813599
20007,loss/rew,0.31065067648887634
20007,loss/value,0.7282714247703552
20007,nan_skipped,0.0
20007,opt_loss,8.717304229736328
20007,params/encoder_l2,55.565425872802734
20007,total_loss,8.717304229736328
20007,perf/fps_cumulative,13.584164920605154
20007,perf/fps_interval,14.922785673838776
20007,perf/ms_per_step_interval,67.01161712408066
20043,episode/count,41
20043,episode/goal,chair
20043,episode/scene,j2EJhFEQGCL
20043,episode/reward,-4.750511169433575
20043,episode/success,0.0
20043,episode/spl,0.0
20043,episode/softspl,0.014497794252443241
20043,episode/dtg,16.95925521850586
20043,metrics/sr_last,0.0
20043,metrics/reward,-4.141194891333522
20043,metrics/reward_mean,-4.141194891333523
20043,metrics/sr,0.024390243902439025
20043,metrics/sr_mean,0.024390243902439025
20043,metrics/spl,0.012744891398902745
20043,metrics/spl_mean,0.012744891398902745
20043,metrics/softspl,0.09139633982730636
20043,metrics/softspl_mean,0.09139633982730636
20043,metrics/dtg,6.234695015520584
20043,metrics/dtg_mean,6.234695015520584
20043,goal/chair/sr,0.024390243902439025
20043,goal/chair/spl,0.012744891398902745
20043,goal/chair/reward,-4.141194891333522
20043,episode/steps,500
20043,episode/path_length,16.122918102890253
20043,episode/shortest_path,17.208744049072266
20043,episode/path_ratio,0.9369026616302919
20043,episode_reset,1
20043,action/stop_pct,0.24
20043,action/forward_pct,0.288
20043,action/left_pct,0.24
20043,action/right_pct,0.232
20255,latent/posterior_entropy,1.6720631122589111
20255,latent/prior_entropy,1.7732582092285156
20255,loss/barlow,80.24983215332031
20255,loss/con,0.025665700435638428
20255,loss/dyn,3.3535070419311523
20255,loss/policy,-0.12061793357133865
20255,loss/rep,3.3535070419311523
20255,loss/repval,1.9962410926818848
20255,loss/rew,0.3454870879650116
20255,loss/value,0.946054995059967
20255,nan_skipped,0.0
20255,opt_loss,9.496810913085938
20255,params/encoder_l2,55.56726837158203
20255,total_loss,9.496810913085938
20255,perf/fps_cumulative,13.597396276243751
20255,perf/fps_interval,14.757034400522544
20255,perf/ms_per_step_interval,67.76429280158011
20503,latent/posterior_entropy,1.6595654487609863
20503,latent/prior_entropy,1.7563940286636353
20503,loss/barlow,77.20738983154297
20503,loss/con,0.016896355897188187
20503,loss/dyn,3.2003426551818848
20503,loss/policy,-0.14505857229232788
20503,loss/rep,3.2003426551818848
20503,loss/repval,1.5149102210998535
20503,loss/rew,0.2943360209465027
20503,loss/value,0.8312993049621582
20503,nan_skipped,0.0
20503,opt_loss,8.832693099975586
20503,params/encoder_l2,55.56913757324219
20503,total_loss,8.832693099975586
20503,perf/fps_cumulative,13.612493452840484
20503,perf/fps_interval,14.970075130625995
20503,perf/ms_per_step_interval,66.79993194918478
20543,episode/count,42
20543,episode/goal,chair
20543,episode/scene,j2EJhFEQGCL
20543,episode/reward,-5.47229194641106
20543,episode/success,0.0
20543,episode/spl,0.0
20543,episode/softspl,0.0
20543,episode/dtg,10.852540969848633
20543,metrics/sr_last,0.0
20543,metrics/reward,-4.172887678359178
20543,metrics/reward_mean,-4.172887678359179
20543,metrics/sr,0.023809523809523808
20543,metrics/sr_mean,0.023809523809523808
20543,metrics/spl,0.012441441603690775
20543,metrics/spl_mean,0.012441441603690775
20543,metrics/softspl,0.08922023649808478
20543,metrics/softspl_mean,0.08922023649808478
20543,metrics/dtg,6.3446437287188715
20543,metrics/dtg_mean,6.3446437287188715
20543,goal/chair/sr,0.023809523809523808
20543,goal/chair/spl,0.012441441603690775
20543,goal/chair/reward,-4.172887678359178
20543,episode/steps,500
20543,episode/path_length,1.186395525932312
20543,episode/shortest_path,10.3802490234375
20543,episode/path_ratio,0.11429355146042806
20543,episode_reset,1
20543,action/stop_pct,0.238
20543,action/forward_pct,0.25
20543,action/left_pct,0.248
20543,action/right_pct,0.264
20751,latent/posterior_entropy,1.6720497608184814
20751,latent/prior_entropy,1.7585395574569702
20751,loss/barlow,68.88172912597656
20751,loss/con,0.019602082669734955
20751,loss/dyn,3.171379804611206
20751,loss/policy,-0.16158613562583923
20751,loss/rep,3.171379804611206
20751,loss/repval,1.7395055294036865
20751,loss/rew,0.3119388222694397
20751,loss/value,0.9018827080726624
20751,nan_skipped,0.0
20751,opt_loss,8.526293754577637
20751,params/encoder_l2,55.57136917114258
20751,total_loss,8.526293754577637
20751,perf/fps_cumulative,13.627625251526855
20751,perf/fps_interval,15.006830008224137
20751,perf/ms_per_step_interval,66.63632489019825
21007,latent/posterior_entropy,1.6317710876464844
21007,latent/prior_entropy,1.7321834564208984
21007,loss/barlow,71.70761108398438
21007,loss/con,0.015706684440374374
21007,loss/dyn,2.931455612182617
21007,loss/policy,-0.1413102149963379
21007,loss/rep,2.931455612182617
21007,loss/repval,1.8416637182235718
21007,loss/rew,0.3502727150917053
21007,loss/value,0.9405484795570374
21007,nan_skipped,0.0
21007,opt_loss,8.527698516845703
21007,params/encoder_l2,55.57392883300781
21007,total_loss,8.527698516845703
21007,perf/fps_cumulative,13.64339226922552
21007,perf/fps_interval,15.055416469010972
21007,perf/ms_per_step_interval,66.421277821064
21043,episode/count,43
21043,episode/goal,chair
21043,episode/scene,j2EJhFEQGCL
21043,episode/reward,-5.262662887573174
21043,episode/success,0.0
21043,episode/spl,0.0
21043,episode/softspl,0.0
21043,episode/dtg,10.578163146972656
21043,metrics/sr_last,0.0
21043,metrics/reward,-4.198231287875783
21043,metrics/reward_mean,-4.1982312878757835
21043,metrics/sr,0.023255813953488372
21043,metrics/sr_mean,0.023255813953488372
21043,metrics/spl,0.012152105752442152
21043,metrics/spl_mean,0.012152105752442152
21043,metrics/softspl,0.08714534727719908
21043,metrics/softspl_mean,0.08714534727719908
21043,metrics/dtg,6.443097668678262
21043,metrics/dtg_mean,6.443097668678262
21043,goal/chair/sr,0.023255813953488372
21043,goal/chair/spl,0.012152105752442152
21043,goal/chair/reward,-4.198231287875783
21043,episode/steps,500
21043,episode/path_length,0.5527484081685543
21043,episode/shortest_path,10.315500259399414
21043,episode/path_ratio,0.05358425614549267
21043,episode_reset,1
21043,action/stop_pct,0.276
21043,action/forward_pct,0.228
21043,action/left_pct,0.262
21043,action/right_pct,0.234
21255,latent/posterior_entropy,1.6694203615188599
21255,latent/prior_entropy,1.8132424354553223
21255,loss/barlow,70.66110229492188
21255,loss/con,0.011048786342144012
21255,loss/dyn,3.5352094173431396
21255,loss/policy,-0.12071431428194046
21255,loss/rep,3.5352094173431396
21255,loss/repval,1.560854196548462
21255,loss/rew,0.285148024559021
21255,loss/value,1.033801794052124
21255,nan_skipped,0.0
21255,opt_loss,9.099326133728027
21255,params/encoder_l2,55.5765266418457
21255,total_loss,9.099326133728027
21255,perf/fps_cumulative,13.656176757728288
21255,perf/fps_interval,14.833623494713715
21255,perf/ms_per_step_interval,67.4144116140181
21503,latent/posterior_entropy,1.618807077407837
21503,latent/prior_entropy,1.7162401676177979
21503,loss/barlow,75.21847534179688
21503,loss/con,0.015231169760227203
21503,loss/dyn,3.228398323059082
21503,loss/policy,-0.1410950869321823
21503,loss/rep,3.228398323059082
21503,loss/repval,1.6930809020996094
21503,loss/rew,0.3138466775417328
21503,loss/value,1.0481065511703491
21503,nan_skipped,0.0
21503,opt_loss,9.056175231933594
21503,params/encoder_l2,55.57945251464844
21503,total_loss,9.056175231933594
21503,perf/fps_cumulative,13.670418767992336
21503,perf/fps_interval,15.012317581244726
21503,perf/ms_per_step_interval,66.61196677915511
21543,episode/count,44
21543,episode/goal,chair
21543,episode/scene,j2EJhFEQGCL
21543,episode/reward,-4.650134325027413
21543,episode/success,0.0
21543,episode/spl,0.0
21543,episode/softspl,0.0646707679464948
21543,episode/dtg,3.6167712211608887
21543,metrics/sr_last,0.0
21543,metrics/reward,-4.208501811447411
21543,metrics/reward_mean,-4.2085018114474115
21543,metrics/sr,0.022727272727272728
21543,metrics/sr_mean,0.022727272727272728
21543,metrics/spl,0.01187592153079574
21543,metrics/spl_mean,0.01187592153079574
21543,metrics/softspl,0.08663456138331944
21543,metrics/softspl_mean,0.08663456138331944
21543,metrics/dtg,6.378862976689231
21543,metrics/dtg_mean,6.378862976689231
21543,goal/chair/sr,0.022727272727272728
21543,goal/chair/spl,0.01187592153079574
21543,goal/chair/reward,-4.208501811447411
21543,episode/steps,500
21543,episode/path_length,5.4099508337676525
21543,episode/shortest_path,3.966636896133423
21543,episode/path_ratio,1.3638633874053698
21543,episode_reset,1
21543,action/stop_pct,0.278
21543,action/forward_pct,0.262
21543,action/left_pct,0.222
21543,action/right_pct,0.238
21751,latent/posterior_entropy,1.5976781845092773
21751,latent/prior_entropy,1.6859004497528076
21751,loss/barlow,75.8978042602539
21751,loss/con,0.005788713227957487
21751,loss/dyn,3.2363944053649902
21751,loss/policy,-0.15312550961971283
21751,loss/rep,3.2363944053649902
21751,loss/repval,1.5263123512268066
21751,loss/rew,0.2872428894042969
21751,loss/value,1.0950411558151245
21751,nan_skipped,0.0
21751,opt_loss,9.047764778137207
21751,params/encoder_l2,55.58177947998047
21751,total_loss,9.047764778137207
21751,perf/fps_cumulative,13.684014820162394
21751,perf/fps_interval,14.975469014857884
21751,perf/ms_per_step_interval,66.77587186136553
